Data,Ano,Mes,MesNome,Metrica,Valor,AnoCompleto
1957-01-01,1957,1,JAN,Emplacamento,1037,True
1957-02-01,1957,2,FEV,Emplacamento,1262,True
1957-03-01,1957,3,MAR,Emplacamento,1706,True
1957-04-01,1957,4,ABR,Emplacamento,1525,True
1957-05-01,1957,5,MAI,Emplacamento,1698,True
1957-06-01,1957,6,JUN,Emplacamento,1659,True
1957-07-01,1957,7,JUL,Emplacamento,1589,True
1957-08-01,1957,8,AGO,Emplacamento,1810,True
1957-09-01,1957,9,SET,Emplacamento,1314,True
1957-10-01,1957,10,OUT,Emplacamento,1176,True
1957-11-01,1957,11,NOV,Emplacamento,1097,True
1957-12-01,1957,12,DEZ,Emplacamento,2190,True
1958-01-01,1958,1,JAN,Emplacamento,1587,True
1958-02-01,1958,2,FEV,Emplacamento,1715,True
1958-03-01,1958,3,MAR,Emplacamento,2783,True
1958-04-01,1958,4,ABR,Emplacamento,2355,True
1958-05-01,1958,5,MAI,Emplacamento,2537,True
1958-06-01,1958,6,JUN,Emplacamento,2821,True
1958-07-01,1958,7,JUL,Emplacamento,2565,True
1958-08-01,1958,8,AGO,Emplacamento,2664,True
1958-09-01,1958,9,SET,Emplacamento,1974,True
1958-10-01,1958,10,OUT,Emplacamento,1839,True
1958-11-01,1958,11,NOV,Emplacamento,1497,True
1958-12-01,1958,12,DEZ,Emplacamento,3047,True
1959-01-01,1959,1,JAN,Emplacamento,2222,True
1959-02-01,1959,2,FEV,Emplacamento,2436,True
1959-03-01,1959,3,MAR,Emplacamento,3565,True
1959-04-01,1959,4,ABR,Emplacamento,3106,True
1959-05-01,1959,5,MAI,Emplacamento,3522,True
1959-06-01,1959,6,JUN,Emplacamento,3967,True
1959-07-01,1959,7,JUL,Emplacamento,3562,True
1959-08-01,1959,8,AGO,Emplacamento,3508,True
1959-09-01,1959,9,SET,Emplacamento,2744,True
1959-10-01,1959,10,OUT,Emplacamento,2556,True
1959-11-01,1959,11,NOV,Emplacamento,1901,True
1959-12-01,1959,12,DEZ,Emplacamento,4122,True
1960-01-01,1960,1,JAN,Emplacamento,2313,True
1960-02-01,1960,2,FEV,Emplacamento,2598,True
1960-03-01,1960,3,MAR,Emplacamento,3612,True
1960-04-01,1960,4,ABR,Emplacamento,3186,True
1960-05-01,1960,5,MAI,Emplacamento,3681,True
1960-06-01,1960,6,JUN,Emplacamento,3905,True
1960-07-01,1960,7,JUL,Emplacamento,3575,True
1960-08-01,1960,8,AGO,Emplacamento,3521,True
1960-09-01,1960,9,SET,Emplacamento,2822,True
1960-10-01,1960,10,OUT,Emplacamento,2612,True
1960-11-01,1960,11,NOV,Emplacamento,1934,True
1960-12-01,1960,12,DEZ,Emplacamento,4294,True
1961-01-01,1961,1,JAN,Emplacamento,1563,True
1961-02-01,1961,2,FEV,Emplacamento,1814,True
1961-03-01,1961,3,MAR,Emplacamento,2474,True
1961-04-01,1961,4,ABR,Emplacamento,2248,True
1961-05-01,1961,5,MAI,Emplacamento,2516,True
1961-06-01,1961,6,JUN,Emplacamento,2742,True
1961-07-01,1961,7,JUL,Emplacamento,2465,True
1961-08-01,1961,8,AGO,Emplacamento,2463,True
1961-09-01,1961,9,SET,Emplacamento,1964,True
1961-10-01,1961,10,OUT,Emplacamento,1799,True
1961-11-01,1961,11,NOV,Emplacamento,1309,True
1961-12-01,1961,12,DEZ,Emplacamento,2932,True
1962-01-01,1962,1,JAN,Emplacamento,2137,True
1962-02-01,1962,2,FEV,Emplacamento,2529,True
1962-03-01,1962,3,MAR,Emplacamento,3378,True
1962-04-01,1962,4,ABR,Emplacamento,3127,True
1962-05-01,1962,5,MAI,Emplacamento,3469,True
1962-06-01,1962,6,JUN,Emplacamento,3800,True
1962-07-01,1962,7,JUL,Emplacamento,3379,True
1962-08-01,1962,8,AGO,Emplacamento,3353,True
1962-09-01,1962,9,SET,Emplacamento,2730,True
1962-10-01,1962,10,OUT,Emplacamento,2516,True
1962-11-01,1962,11,NOV,Emplacamento,1790,True
1962-12-01,1962,12,DEZ,Emplacamento,3986,True
1963-01-01,1963,1,JAN,Emplacamento,1213,True
1963-02-01,1963,2,FEV,Emplacamento,1585,True
1963-03-01,1963,3,MAR,Emplacamento,1894,True
1963-04-01,1963,4,ABR,Emplacamento,1889,True
1963-05-01,1963,5,MAI,Emplacamento,2107,True
1963-06-01,1963,6,JUN,Emplacamento,2122,True
1963-07-01,1963,7,JUL,Emplacamento,1930,True
1963-08-01,1963,8,AGO,Emplacamento,2037,True
1963-09-01,1963,9,SET,Emplacamento,1654,True
1963-10-01,1963,10,OUT,Emplacamento,1496,True
1963-11-01,1963,11,NOV,Emplacamento,1203,True
1963-12-01,1963,12,DEZ,Emplacamento,2406,True
1964-01-01,1964,1,JAN,Emplacamento,1254,True
1964-02-01,1964,2,FEV,Emplacamento,1458,True
1964-03-01,1964,3,MAR,Emplacamento,2009,True
1964-04-01,1964,4,ABR,Emplacamento,1839,True
1964-05-01,1964,5,MAI,Emplacamento,2037,True
1964-06-01,1964,6,JUN,Emplacamento,2198,True
1964-07-01,1964,7,JUL,Emplacamento,1965,True
1964-08-01,1964,8,AGO,Emplacamento,1961,True
1964-09-01,1964,9,SET,Emplacamento,1586,True
1964-10-01,1964,10,OUT,Emplacamento,1471,True
1964-11-01,1964,11,NOV,Emplacamento,1076,True
1964-12-01,1964,12,DEZ,Emplacamento,2320,True
1965-01-01,1965,1,JAN,Emplacamento,1269,True
1965-02-01,1965,2,FEV,Emplacamento,1613,True
1965-03-01,1965,3,MAR,Emplacamento,1997,True
1965-04-01,1965,4,ABR,Emplacamento,1926,True
1965-05-01,1965,5,MAI,Emplacamento,2179,True
1965-06-01,1965,6,JUN,Emplacamento,2202,True
1965-07-01,1965,7,JUL,Emplacamento,2047,True
1965-08-01,1965,8,AGO,Emplacamento,2136,True
1965-09-01,1965,9,SET,Emplacamento,1749,True
1965-10-01,1965,10,OUT,Emplacamento,1586,True
1965-11-01,1965,11,NOV,Emplacamento,1242,True
1965-12-01,1965,12,DEZ,Emplacamento,2505,True
1966-01-01,1966,1,JAN,Emplacamento,1734,True
1966-02-01,1966,2,FEV,Emplacamento,2175,True
1966-03-01,1966,3,MAR,Emplacamento,2645,True
1966-04-01,1966,4,ABR,Emplacamento,2533,True
1966-05-01,1966,5,MAI,Emplacamento,2921,True
1966-06-01,1966,6,JUN,Emplacamento,2951,True
1966-07-01,1966,7,JUL,Emplacamento,2789,True
1966-08-01,1966,8,AGO,Emplacamento,2963,True
1966-09-01,1966,9,SET,Emplacamento,2413,True
1966-10-01,1966,10,OUT,Emplacamento,2219,True
1966-11-01,1966,11,NOV,Emplacamento,1780,True
1966-12-01,1966,12,DEZ,Emplacamento,3424,True
1967-01-01,1967,1,JAN,Emplacamento,1300,True
1967-02-01,1967,2,FEV,Emplacamento,1205,True
1967-03-01,1967,3,MAR,Emplacamento,1994,True
1967-04-01,1967,4,ABR,Emplacamento,1415,True
1967-05-01,1967,5,MAI,Emplacamento,2203,True
1967-06-01,1967,6,JUN,Emplacamento,2879,True
1967-07-01,1967,7,JUL,Emplacamento,2658,True
1967-08-01,1967,8,AGO,Emplacamento,2660,True
1967-09-01,1967,9,SET,Emplacamento,2668,True
1967-10-01,1967,10,OUT,Emplacamento,2769,True
1967-11-01,1967,11,NOV,Emplacamento,2785,True
1967-12-01,1967,12,DEZ,Emplacamento,3073,True
1968-01-01,1968,1,JAN,Emplacamento,2299,True
1968-02-01,1968,2,FEV,Emplacamento,2448,True
1968-03-01,1968,3,MAR,Emplacamento,3161,True
1968-04-01,1968,4,ABR,Emplacamento,3219,True
1968-05-01,1968,5,MAI,Emplacamento,3448,True
1968-06-01,1968,6,JUN,Emplacamento,3719,True
1968-07-01,1968,7,JUL,Emplacamento,3609,True
1968-08-01,1968,8,AGO,Emplacamento,3823,True
1968-09-01,1968,9,SET,Emplacamento,3534,True
1968-10-01,1968,10,OUT,Emplacamento,3664,True
1968-11-01,1968,11,NOV,Emplacamento,3340,True
1968-12-01,1968,12,DEZ,Emplacamento,4194,True
1969-01-01,1969,1,JAN,Emplacamento,3010,True
1969-02-01,1969,2,FEV,Emplacamento,2986,True
1969-03-01,1969,3,MAR,Emplacamento,3192,True
1969-04-01,1969,4,ABR,Emplacamento,3606,True
1969-05-01,1969,5,MAI,Emplacamento,3598,True
1969-06-01,1969,6,JUN,Emplacamento,3426,True
1969-07-01,1969,7,JUL,Emplacamento,3537,True
1969-08-01,1969,8,AGO,Emplacamento,3939,True
1969-09-01,1969,9,SET,Emplacamento,2704,True
1969-10-01,1969,10,OUT,Emplacamento,3131,True
1969-11-01,1969,11,NOV,Emplacamento,2972,True
1969-12-01,1969,12,DEZ,Emplacamento,3332,True
1970-01-01,1970,1,JAN,Emplacamento,2270,True
1970-02-01,1970,2,FEV,Emplacamento,2269,True
1970-03-01,1970,3,MAR,Emplacamento,2692,True
1970-04-01,1970,4,ABR,Emplacamento,3518,True
1970-05-01,1970,5,MAI,Emplacamento,3418,True
1970-06-01,1970,6,JUN,Emplacamento,3328,True
1970-07-01,1970,7,JUL,Emplacamento,3146,True
1970-08-01,1970,8,AGO,Emplacamento,3449,True
1970-09-01,1970,9,SET,Emplacamento,3594,True
1970-10-01,1970,10,OUT,Emplacamento,3621,True
1970-11-01,1970,11,NOV,Emplacamento,3550,True
1970-12-01,1970,12,DEZ,Emplacamento,3312,True
1971-01-01,1971,1,JAN,Emplacamento,2931,True
1971-02-01,1971,2,FEV,Emplacamento,2668,True
1971-03-01,1971,3,MAR,Emplacamento,3281,True
1971-04-01,1971,4,ABR,Emplacamento,2839,True
1971-05-01,1971,5,MAI,Emplacamento,3344,True
1971-06-01,1971,6,JUN,Emplacamento,3295,True
1971-07-01,1971,7,JUL,Emplacamento,2916,True
1971-08-01,1971,8,AGO,Emplacamento,3044,True
1971-09-01,1971,9,SET,Emplacamento,3427,True
1971-10-01,1971,10,OUT,Emplacamento,3713,True
1971-11-01,1971,11,NOV,Emplacamento,3154,True
1971-12-01,1971,12,DEZ,Emplacamento,3031,True
1972-01-01,1972,1,JAN,Emplacamento,3616,True
1972-02-01,1972,2,FEV,Emplacamento,3110,True
1972-03-01,1972,3,MAR,Emplacamento,3776,True
1972-04-01,1972,4,ABR,Emplacamento,3635,True
1972-05-01,1972,5,MAI,Emplacamento,4488,True
1972-06-01,1972,6,JUN,Emplacamento,4591,True
1972-07-01,1972,7,JUL,Emplacamento,4216,True
1972-08-01,1972,8,AGO,Emplacamento,4659,True
1972-09-01,1972,9,SET,Emplacamento,4488,True
1972-10-01,1972,10,OUT,Emplacamento,4779,True
1972-11-01,1972,11,NOV,Emplacamento,4465,True
1972-12-01,1972,12,DEZ,Emplacamento,4519,True
1973-01-01,1973,1,JAN,Emplacamento,4789,True
1973-02-01,1973,2,FEV,Emplacamento,4711,True
1973-03-01,1973,3,MAR,Emplacamento,4843,True
1973-04-01,1973,4,ABR,Emplacamento,5113,True
1973-05-01,1973,5,MAI,Emplacamento,5490,True
1973-06-01,1973,6,JUN,Emplacamento,5363,True
1973-07-01,1973,7,JUL,Emplacamento,5614,True
1973-08-01,1973,8,AGO,Emplacamento,5816,True
1973-09-01,1973,9,SET,Emplacamento,5307,True
1973-10-01,1973,10,OUT,Emplacamento,6120,True
1973-11-01,1973,11,NOV,Emplacamento,5891,True
1973-12-01,1973,12,DEZ,Emplacamento,5761,True
1974-01-01,1974,1,JAN,Emplacamento,4531,True
1974-02-01,1974,2,FEV,Emplacamento,4443,True
1974-03-01,1974,3,MAR,Emplacamento,6279,True
1974-04-01,1974,4,ABR,Emplacamento,5530,True
1974-05-01,1974,5,MAI,Emplacamento,6092,True
1974-06-01,1974,6,JUN,Emplacamento,6100,True
1974-07-01,1974,7,JUL,Emplacamento,6510,True
1974-08-01,1974,8,AGO,Emplacamento,6591,True
1974-09-01,1974,9,SET,Emplacamento,6102,True
1974-10-01,1974,10,OUT,Emplacamento,7682,True
1974-11-01,1974,11,NOV,Emplacamento,6526,True
1974-12-01,1974,12,DEZ,Emplacamento,5047,True
1975-01-01,1975,1,JAN,Emplacamento,5209,True
1975-02-01,1975,2,FEV,Emplacamento,5254,True
1975-03-01,1975,3,MAR,Emplacamento,6116,True
1975-04-01,1975,4,ABR,Emplacamento,6208,True
1975-05-01,1975,5,MAI,Emplacamento,5695,True
1975-06-01,1975,6,JUN,Emplacamento,6456,True
1975-07-01,1975,7,JUL,Emplacamento,6587,True
1975-08-01,1975,8,AGO,Emplacamento,5821,True
1975-09-01,1975,9,SET,Emplacamento,6608,True
1975-10-01,1975,10,OUT,Emplacamento,6452,True
1975-11-01,1975,11,NOV,Emplacamento,5271,True
1975-12-01,1975,12,DEZ,Emplacamento,4224,True
1976-01-01,1976,1,JAN,Emplacamento,5065,True
1976-02-01,1976,2,FEV,Emplacamento,4936,True
1976-03-01,1976,3,MAR,Emplacamento,6182,True
1976-04-01,1976,4,ABR,Emplacamento,5128,True
1976-05-01,1976,5,MAI,Emplacamento,6069,True
1976-06-01,1976,6,JUN,Emplacamento,6070,True
1976-07-01,1976,7,JUL,Emplacamento,6489,True
1976-08-01,1976,8,AGO,Emplacamento,6744,True
1976-09-01,1976,9,SET,Emplacamento,7697,True
1976-10-01,1976,10,OUT,Emplacamento,7205,True
1976-11-01,1976,11,NOV,Emplacamento,5909,True
1976-12-01,1976,12,DEZ,Emplacamento,7477,True
1977-01-01,1977,1,JAN,Emplacamento,6348,True
1977-02-01,1977,2,FEV,Emplacamento,6584,True
1977-03-01,1977,3,MAR,Emplacamento,8671,True
1977-04-01,1977,4,ABR,Emplacamento,6818,True
1977-05-01,1977,5,MAI,Emplacamento,8927,True
1977-06-01,1977,6,JUN,Emplacamento,9039,True
1977-07-01,1977,7,JUL,Emplacamento,7717,True
1977-08-01,1977,8,AGO,Emplacamento,7950,True
1977-09-01,1977,9,SET,Emplacamento,7829,True
1977-10-01,1977,10,OUT,Emplacamento,7235,True
1977-11-01,1977,11,NOV,Emplacamento,6537,True
1977-12-01,1977,12,DEZ,Emplacamento,6592,True
1978-01-01,1978,1,JAN,Emplacamento,6040,True
1978-02-01,1978,2,FEV,Emplacamento,4880,True
1978-03-01,1978,3,MAR,Emplacamento,7664,True
1978-04-01,1978,4,ABR,Emplacamento,6251,True
1978-05-01,1978,5,MAI,Emplacamento,6289,True
1978-06-01,1978,6,JUN,Emplacamento,7509,True
1978-07-01,1978,7,JUL,Emplacamento,6235,True
1978-08-01,1978,8,AGO,Emplacamento,7349,True
1978-09-01,1978,9,SET,Emplacamento,7584,True
1978-10-01,1978,10,OUT,Emplacamento,6061,True
1978-11-01,1978,11,NOV,Emplacamento,5853,True
1978-12-01,1978,12,DEZ,Emplacamento,7176,True
1979-01-01,1979,1,JAN,Emplacamento,5794,True
1979-02-01,1979,2,FEV,Emplacamento,5547,True
1979-03-01,1979,3,MAR,Emplacamento,6017,True
1979-04-01,1979,4,ABR,Emplacamento,6194,True
1979-05-01,1979,5,MAI,Emplacamento,6437,True
1979-06-01,1979,6,JUN,Emplacamento,6691,True
1979-07-01,1979,7,JUL,Emplacamento,6557,True
1979-08-01,1979,8,AGO,Emplacamento,8131,True
1979-09-01,1979,9,SET,Emplacamento,6275,True
1979-10-01,1979,10,OUT,Emplacamento,7646,True
1979-11-01,1979,11,NOV,Emplacamento,6537,True
1979-12-01,1979,12,DEZ,Emplacamento,6880,True
1980-01-01,1980,1,JAN,Emplacamento,6696,True
1980-02-01,1980,2,FEV,Emplacamento,6840,True
1980-03-01,1980,3,MAR,Emplacamento,7130,True
1980-04-01,1980,4,ABR,Emplacamento,2799,True
1980-05-01,1980,5,MAI,Emplacamento,4389,True
1980-06-01,1980,6,JUN,Emplacamento,6981,True
1980-07-01,1980,7,JUL,Emplacamento,7631,True
1980-08-01,1980,8,AGO,Emplacamento,8102,True
1980-09-01,1980,9,SET,Emplacamento,7661,True
1980-10-01,1980,10,OUT,Emplacamento,8871,True
1980-11-01,1980,11,NOV,Emplacamento,8099,True
1980-12-01,1980,12,DEZ,Emplacamento,6734,True
1981-01-01,1981,1,JAN,Emplacamento,7448,True
1981-02-01,1981,2,FEV,Emplacamento,7395,True
1981-03-01,1981,3,MAR,Emplacamento,6762,True
1981-04-01,1981,4,ABR,Emplacamento,6451,True
1981-05-01,1981,5,MAI,Emplacamento,5097,True
1981-06-01,1981,6,JUN,Emplacamento,4733,True
1981-07-01,1981,7,JUL,Emplacamento,3258,True
1981-08-01,1981,8,AGO,Emplacamento,4195,True
1981-09-01,1981,9,SET,Emplacamento,2994,True
1981-10-01,1981,10,OUT,Emplacamento,2481,True
1981-11-01,1981,11,NOV,Emplacamento,2777,True
1981-12-01,1981,12,DEZ,Emplacamento,2347,True
1982-01-01,1982,1,JAN,Emplacamento,3116,True
1982-02-01,1982,2,FEV,Emplacamento,3419,True
1982-03-01,1982,3,MAR,Emplacamento,4112,True
1982-04-01,1982,4,ABR,Emplacamento,4422,True
1982-05-01,1982,5,MAI,Emplacamento,4157,True
1982-06-01,1982,6,JUN,Emplacamento,4425,True
1982-07-01,1982,7,JUL,Emplacamento,4027,True
1982-08-01,1982,8,AGO,Emplacamento,3590,True
1982-09-01,1982,9,SET,Emplacamento,3389,True
1982-10-01,1982,10,OUT,Emplacamento,2700,True
1982-11-01,1982,11,NOV,Emplacamento,2039,True
1982-12-01,1982,12,DEZ,Emplacamento,1861,True
1983-01-01,1983,1,JAN,Emplacamento,2456,True
1983-02-01,1983,2,FEV,Emplacamento,2905,True
1983-03-01,1983,3,MAR,Emplacamento,2986,True
1983-04-01,1983,4,ABR,Emplacamento,2670,True
1983-05-01,1983,5,MAI,Emplacamento,2944,True
1983-06-01,1983,6,JUN,Emplacamento,2961,True
1983-07-01,1983,7,JUL,Emplacamento,2595,True
1983-08-01,1983,8,AGO,Emplacamento,3121,True
1983-09-01,1983,9,SET,Emplacamento,3023,True
1983-10-01,1983,10,OUT,Emplacamento,3296,True
1983-11-01,1983,11,NOV,Emplacamento,2707,True
1983-12-01,1983,12,DEZ,Emplacamento,2909,True
1984-01-01,1984,1,JAN,Emplacamento,2944,True
1984-02-01,1984,2,FEV,Emplacamento,3338,True
1984-03-01,1984,3,MAR,Emplacamento,3499,True
1984-04-01,1984,4,ABR,Emplacamento,3735,True
1984-05-01,1984,5,MAI,Emplacamento,4156,True
1984-06-01,1984,6,JUN,Emplacamento,3821,True
1984-07-01,1984,7,JUL,Emplacamento,3131,True
1984-08-01,1984,8,AGO,Emplacamento,3508,True
1984-09-01,1984,9,SET,Emplacamento,3511,True
1984-10-01,1984,10,OUT,Emplacamento,4076,True
1984-11-01,1984,11,NOV,Emplacamento,3619,True
1984-12-01,1984,12,DEZ,Emplacamento,3546,True
1985-01-01,1985,1,JAN,Emplacamento,4045,True
1985-02-01,1985,2,FEV,Emplacamento,3456,True
1985-03-01,1985,3,MAR,Emplacamento,4125,True
1985-04-01,1985,4,ABR,Emplacamento,2283,True
1985-05-01,1985,5,MAI,Emplacamento,2838,True
1985-06-01,1985,6,JUN,Emplacamento,3773,True
1985-07-01,1985,7,JUL,Emplacamento,6459,True
1985-08-01,1985,8,AGO,Emplacamento,5736,True
1985-09-01,1985,9,SET,Emplacamento,5572,True
1985-10-01,1985,10,OUT,Emplacamento,6629,True
1985-11-01,1985,11,NOV,Emplacamento,5756,True
1985-12-01,1985,12,DEZ,Emplacamento,4992,True
1986-01-01,1986,1,JAN,Emplacamento,5170,True
1986-02-01,1986,2,FEV,Emplacamento,5443,True
1986-03-01,1986,3,MAR,Emplacamento,6705,True
1986-04-01,1986,4,ABR,Emplacamento,7010,True
1986-05-01,1986,5,MAI,Emplacamento,6373,True
1986-06-01,1986,6,JUN,Emplacamento,5706,True
1986-07-01,1986,7,JUL,Emplacamento,6841,True
1986-08-01,1986,8,AGO,Emplacamento,6113,True
1986-09-01,1986,9,SET,Emplacamento,6666,True
1986-10-01,1986,10,OUT,Emplacamento,6764,True
1986-11-01,1986,11,NOV,Emplacamento,3129,True
1986-12-01,1986,12,DEZ,Emplacamento,5933,True
1987-01-01,1987,1,JAN,Emplacamento,3777,True
1987-02-01,1987,2,FEV,Emplacamento,4609,True
1987-03-01,1987,3,MAR,Emplacamento,3915,True
1987-04-01,1987,4,ABR,Emplacamento,5700,True
1987-05-01,1987,5,MAI,Emplacamento,4965,True
1987-06-01,1987,6,JUN,Emplacamento,3499,True
1987-07-01,1987,7,JUL,Emplacamento,5563,True
1987-08-01,1987,8,AGO,Emplacamento,4791,True
1987-09-01,1987,9,SET,Emplacamento,4584,True
1987-10-01,1987,10,OUT,Emplacamento,5607,True
1987-11-01,1987,11,NOV,Emplacamento,4662,True
1987-12-01,1987,12,DEZ,Emplacamento,4713,True
1988-01-01,1988,1,JAN,Emplacamento,3661,True
1988-02-01,1988,2,FEV,Emplacamento,4639,True
1988-03-01,1988,3,MAR,Emplacamento,5376,True
1988-04-01,1988,4,ABR,Emplacamento,4671,True
1988-05-01,1988,5,MAI,Emplacamento,4738,True
1988-06-01,1988,6,JUN,Emplacamento,5033,True
1988-07-01,1988,7,JUL,Emplacamento,4896,True
1988-08-01,1988,8,AGO,Emplacamento,5445,True
1988-09-01,1988,9,SET,Emplacamento,4010,True
1988-10-01,1988,10,OUT,Emplacamento,4423,True
1988-11-01,1988,11,NOV,Emplacamento,4179,True
1988-12-01,1988,12,DEZ,Emplacamento,3841,True
1989-01-01,1989,1,JAN,Emplacamento,2693,True
1989-02-01,1989,2,FEV,Emplacamento,3207,True
1989-03-01,1989,3,MAR,Emplacamento,4359,True
1989-04-01,1989,4,ABR,Emplacamento,2777,True
1989-05-01,1989,5,MAI,Emplacamento,3038,True
1989-06-01,1989,6,JUN,Emplacamento,4128,True
1989-07-01,1989,7,JUL,Emplacamento,4689,True
1989-08-01,1989,8,AGO,Emplacamento,5222,True
1989-09-01,1989,9,SET,Emplacamento,4984,True
1989-10-01,1989,10,OUT,Emplacamento,4514,True
1989-11-01,1989,11,NOV,Emplacamento,4086,True
1989-12-01,1989,12,DEZ,Emplacamento,4481,True
1990-01-01,1990,1,JAN,Emplacamento,3554,True
1990-02-01,1990,2,FEV,Emplacamento,4567,True
1990-03-01,1990,3,MAR,Emplacamento,2157,True
1990-04-01,1990,4,ABR,Emplacamento,2808,True
1990-05-01,1990,5,MAI,Emplacamento,3689,True
1990-06-01,1990,6,JUN,Emplacamento,2349,True
1990-07-01,1990,7,JUL,Emplacamento,2292,True
1990-08-01,1990,8,AGO,Emplacamento,3795,True
1990-09-01,1990,9,SET,Emplacamento,4465,True
1990-10-01,1990,10,OUT,Emplacamento,4076,True
1990-11-01,1990,11,NOV,Emplacamento,3753,True
1990-12-01,1990,12,DEZ,Emplacamento,3808,True
1991-01-01,1991,1,JAN,Emplacamento,3109,True
1991-02-01,1991,2,FEV,Emplacamento,2942,True
1991-03-01,1991,3,MAR,Emplacamento,3381,True
1991-04-01,1991,4,ABR,Emplacamento,3890,True
1991-05-01,1991,5,MAI,Emplacamento,3008,True
1991-06-01,1991,6,JUN,Emplacamento,4293,True
1991-07-01,1991,7,JUL,Emplacamento,4158,True
1991-08-01,1991,8,AGO,Emplacamento,4517,True
1991-09-01,1991,9,SET,Emplacamento,4169,True
1991-10-01,1991,10,OUT,Emplacamento,4344,True
1991-11-01,1991,11,NOV,Emplacamento,2141,True
1991-12-01,1991,12,DEZ,Emplacamento,1512,True
1992-01-01,1992,1,JAN,Emplacamento,1811,True
1992-02-01,1992,2,FEV,Emplacamento,1203,True
1992-03-01,1992,3,MAR,Emplacamento,1844,True
1992-04-01,1992,4,ABR,Emplacamento,2854,True
1992-05-01,1992,5,MAI,Emplacamento,2182,True
1992-06-01,1992,6,JUN,Emplacamento,2408,True
1992-07-01,1992,7,JUL,Emplacamento,2783,True
1992-08-01,1992,8,AGO,Emplacamento,2158,True
1992-09-01,1992,9,SET,Emplacamento,2298,True
1992-10-01,1992,10,OUT,Emplacamento,2300,True
1992-11-01,1992,11,NOV,Emplacamento,2225,True
1992-12-01,1992,12,DEZ,Emplacamento,1593,True
1993-01-01,1993,1,JAN,Emplacamento,1908,True
1993-02-01,1993,2,FEV,Emplacamento,2236,True
1993-03-01,1993,3,MAR,Emplacamento,3367,True
1993-04-01,1993,4,ABR,Emplacamento,3008,True
1993-05-01,1993,5,MAI,Emplacamento,3365,True
1993-06-01,1993,6,JUN,Emplacamento,3348,True
1993-07-01,1993,7,JUL,Emplacamento,3251,True
1993-08-01,1993,8,AGO,Emplacamento,3660,True
1993-09-01,1993,9,SET,Emplacamento,4107,True
1993-10-01,1993,10,OUT,Emplacamento,4008,True
1993-11-01,1993,11,NOV,Emplacamento,3025,True
1993-12-01,1993,12,DEZ,Emplacamento,3100,True
1994-01-01,1994,1,JAN,Emplacamento,2920,True
1994-02-01,1994,2,FEV,Emplacamento,2853,True
1994-03-01,1994,3,MAR,Emplacamento,3925,True
1994-04-01,1994,4,ABR,Emplacamento,3295,True
1994-05-01,1994,5,MAI,Emplacamento,4201,True
1994-06-01,1994,6,JUN,Emplacamento,4136,True
1994-07-01,1994,7,JUL,Emplacamento,4832,True
1994-08-01,1994,8,AGO,Emplacamento,6368,True
1994-09-01,1994,9,SET,Emplacamento,4226,True
1994-10-01,1994,10,OUT,Emplacamento,5156,True
1994-11-01,1994,11,NOV,Emplacamento,5560,True
1994-12-01,1994,12,DEZ,Emplacamento,4877,True
1995-01-01,1995,1,JAN,Emplacamento,4497,True
1995-02-01,1995,2,FEV,Emplacamento,5179,True
1995-03-01,1995,3,MAR,Emplacamento,6745,True
1995-04-01,1995,4,ABR,Emplacamento,5496,True
1995-05-01,1995,5,MAI,Emplacamento,6088,True
1995-06-01,1995,6,JUN,Emplacamento,5977,True
1995-07-01,1995,7,JUL,Emplacamento,4543,True
1995-08-01,1995,8,AGO,Emplacamento,4948,True
1995-09-01,1995,9,SET,Emplacamento,4272,True
1995-10-01,1995,10,OUT,Emplacamento,4198,True
1995-11-01,1995,11,NOV,Emplacamento,3292,True
1995-12-01,1995,12,DEZ,Emplacamento,3499,True
1996-01-01,1996,1,JAN,Emplacamento,2848,True
1996-02-01,1996,2,FEV,Emplacamento,3553,True
1996-03-01,1996,3,MAR,Emplacamento,2953,True
1996-04-01,1996,4,ABR,Emplacamento,4168,True
1996-05-01,1996,5,MAI,Emplacamento,3561,True
1996-06-01,1996,6,JUN,Emplacamento,2918,True
1996-07-01,1996,7,JUL,Emplacamento,3541,True
1996-08-01,1996,8,AGO,Emplacamento,4050,True
1996-09-01,1996,9,SET,Emplacamento,3552,True
1996-10-01,1996,10,OUT,Emplacamento,3964,True
1996-11-01,1996,11,NOV,Emplacamento,3582,True
1996-12-01,1996,12,DEZ,Emplacamento,3444,True
1997-01-01,1997,1,JAN,Emplacamento,3768,True
1997-02-01,1997,2,FEV,Emplacamento,4151,True
1997-03-01,1997,3,MAR,Emplacamento,4622,True
1997-04-01,1997,4,ABR,Emplacamento,4781,True
1997-05-01,1997,5,MAI,Emplacamento,4269,True
1997-06-01,1997,6,JUN,Emplacamento,4884,True
1997-07-01,1997,7,JUL,Emplacamento,5564,True
1997-08-01,1997,8,AGO,Emplacamento,5176,True
1997-09-01,1997,9,SET,Emplacamento,5490,True
1997-10-01,1997,10,OUT,Emplacamento,5838,True
1997-11-01,1997,11,NOV,Emplacamento,3736,True
1997-12-01,1997,12,DEZ,Emplacamento,2652,True
1998-01-01,1998,1,JAN,Emplacamento,3842,True
1998-02-01,1998,2,FEV,Emplacamento,3529,True
1998-03-01,1998,3,MAR,Emplacamento,5414,True
1998-04-01,1998,4,ABR,Emplacamento,4850,True
1998-05-01,1998,5,MAI,Emplacamento,5132,True
1998-06-01,1998,6,JUN,Emplacamento,5183,True
1998-07-01,1998,7,JUL,Emplacamento,4890,True
1998-08-01,1998,8,AGO,Emplacamento,4984,True
1998-09-01,1998,9,SET,Emplacamento,4473,True
1998-10-01,1998,10,OUT,Emplacamento,3686,True
1998-11-01,1998,11,NOV,Emplacamento,3561,True
1998-12-01,1998,12,DEZ,Emplacamento,3224,True
1999-01-01,1999,1,JAN,Emplacamento,4055,True
1999-02-01,1999,2,FEV,Emplacamento,3164,True
1999-03-01,1999,3,MAR,Emplacamento,4270,True
1999-04-01,1999,4,ABR,Emplacamento,4134,True
1999-05-01,1999,5,MAI,Emplacamento,4224,True
1999-06-01,1999,6,JUN,Emplacamento,4886,True
1999-07-01,1999,7,JUL,Emplacamento,4074,True
1999-08-01,1999,8,AGO,Emplacamento,4876,True
1999-09-01,1999,9,SET,Emplacamento,4640,True
1999-10-01,1999,10,OUT,Emplacamento,3866,True
1999-11-01,1999,11,NOV,Emplacamento,4376,True
1999-12-01,1999,12,DEZ,Emplacamento,4100,True
2000-01-01,2000,1,JAN,Emplacamento,4189,True
2000-02-01,2000,2,FEV,Emplacamento,5570,True
2000-03-01,2000,3,MAR,Emplacamento,5222,True
2000-04-01,2000,4,ABR,Emplacamento,5049,True
2000-05-01,2000,5,MAI,Emplacamento,6340,True
2000-06-01,2000,6,JUN,Emplacamento,6324,True
2000-07-01,2000,7,JUL,Emplacamento,5797,True
2000-08-01,2000,8,AGO,Emplacamento,6599,True
2000-09-01,2000,9,SET,Emplacamento,6047,True
2000-10-01,2000,10,OUT,Emplacamento,6439,True
2000-11-01,2000,11,NOV,Emplacamento,6443,True
2000-12-01,2000,12,DEZ,Emplacamento,5190,True
2001-01-01,2001,1,JAN,Emplacamento,5163,True
2001-02-01,2001,2,FEV,Emplacamento,5658,True
2001-03-01,2001,3,MAR,Emplacamento,7673,True
2001-04-01,2001,4,ABR,Emplacamento,6552,True
2001-05-01,2001,5,MAI,Emplacamento,6777,True
2001-06-01,2001,6,JUN,Emplacamento,6386,True
2001-07-01,2001,7,JUL,Emplacamento,5870,True
2001-08-01,2001,8,AGO,Emplacamento,6699,True
2001-09-01,2001,9,SET,Emplacamento,5943,True
2001-10-01,2001,10,OUT,Emplacamento,5318,True
2001-11-01,2001,11,NOV,Emplacamento,5847,True
2001-12-01,2001,12,DEZ,Emplacamento,5631,True
2002-01-01,2002,1,JAN,Emplacamento,5327,True
2002-02-01,2002,2,FEV,Emplacamento,4562,True
2002-03-01,2002,3,MAR,Emplacamento,5350,True
2002-04-01,2002,4,ABR,Emplacamento,5386,True
2002-05-01,2002,5,MAI,Emplacamento,6362,True
2002-06-01,2002,6,JUN,Emplacamento,5239,True
2002-07-01,2002,7,JUL,Emplacamento,5278,True
2002-08-01,2002,8,AGO,Emplacamento,4567,True
2002-09-01,2002,9,SET,Emplacamento,5351,True
2002-10-01,2002,10,OUT,Emplacamento,6584,True
2002-11-01,2002,11,NOV,Emplacamento,6232,True
2002-12-01,2002,12,DEZ,Emplacamento,5442,True
2003-01-01,2003,1,JAN,Emplacamento,4586,True
2003-02-01,2003,2,FEV,Emplacamento,5102,True
2003-03-01,2003,3,MAR,Emplacamento,5117,True
2003-04-01,2003,4,ABR,Emplacamento,5368,True
2003-05-01,2003,5,MAI,Emplacamento,5722,True
2003-06-01,2003,6,JUN,Emplacamento,5376,True
2003-07-01,2003,7,JUL,Emplacamento,6041,True
2003-08-01,2003,8,AGO,Emplacamento,5360,True
2003-09-01,2003,9,SET,Emplacamento,5571,True
2003-10-01,2003,10,OUT,Emplacamento,6354,True
2003-11-01,2003,11,NOV,Emplacamento,5573,True
2003-12-01,2003,12,DEZ,Emplacamento,5792,True
2004-01-01,2004,1,JAN,Emplacamento,5464,True
2004-02-01,2004,2,FEV,Emplacamento,5302,True
2004-03-01,2004,3,MAR,Emplacamento,7087,True
2004-04-01,2004,4,ABR,Emplacamento,6710,True
2004-05-01,2004,5,MAI,Emplacamento,6728,True
2004-06-01,2004,6,JUN,Emplacamento,6827,True
2004-07-01,2004,7,JUL,Emplacamento,7002,True
2004-08-01,2004,8,AGO,Emplacamento,7271,True
2004-09-01,2004,9,SET,Emplacamento,7105,True
2004-10-01,2004,10,OUT,Emplacamento,7163,True
2004-11-01,2004,11,NOV,Emplacamento,6979,True
2004-12-01,2004,12,DEZ,Emplacamento,7846,True
2005-01-01,2005,1,JAN,Emplacamento,6273,True
2005-02-01,2005,2,FEV,Emplacamento,5875,True
2005-03-01,2005,3,MAR,Emplacamento,7368,True
2005-04-01,2005,4,ABR,Emplacamento,7349,True
2005-05-01,2005,5,MAI,Emplacamento,6824,True
2005-06-01,2005,6,JUN,Emplacamento,7222,True
2005-07-01,2005,7,JUL,Emplacamento,6906,True
2005-08-01,2005,8,AGO,Emplacamento,6727,True
2005-09-01,2005,9,SET,Emplacamento,6455,True
2005-10-01,2005,10,OUT,Emplacamento,5834,True
2005-11-01,2005,11,NOV,Emplacamento,6094,True
2005-12-01,2005,12,DEZ,Emplacamento,6606,True
2006-01-01,2006,1,JAN,Emplacamento,5858,True
2006-02-01,2006,2,FEV,Emplacamento,4980,True
2006-03-01,2006,3,MAR,Emplacamento,6617,True
2006-04-01,2006,4,ABR,Emplacamento,5370,True
2006-05-01,2006,5,MAI,Emplacamento,6603,True
2006-06-01,2006,6,JUN,Emplacamento,5817,True
2006-07-01,2006,7,JUL,Emplacamento,6137,True
2006-08-01,2006,8,AGO,Emplacamento,6887,True
2006-09-01,2006,9,SET,Emplacamento,6606,True
2006-10-01,2006,10,OUT,Emplacamento,7065,True
2006-11-01,2006,11,NOV,Emplacamento,6722,True
2006-12-01,2006,12,DEZ,Emplacamento,7309,True
2007-01-01,2007,1,JAN,Emplacamento,6235,True
2007-02-01,2007,2,FEV,Emplacamento,5832,True
2007-03-01,2007,3,MAR,Emplacamento,8018,True
2007-04-01,2007,4,ABR,Emplacamento,7581,True
2007-05-01,2007,5,MAI,Emplacamento,8796,True
2007-06-01,2007,6,JUN,Emplacamento,7983,True
2007-07-01,2007,7,JUL,Emplacamento,8762,True
2007-08-01,2007,8,AGO,Emplacamento,9173,True
2007-09-01,2007,9,SET,Emplacamento,8147,True
2007-10-01,2007,10,OUT,Emplacamento,9748,True
2007-11-01,2007,11,NOV,Emplacamento,9294,True
2007-12-01,2007,12,DEZ,Emplacamento,9016,True
2008-01-01,2008,1,JAN,Emplacamento,7989,True
2008-02-01,2008,2,FEV,Emplacamento,8056,True
2008-03-01,2008,3,MAR,Emplacamento,9468,True
2008-04-01,2008,4,ABR,Emplacamento,11092,True
2008-05-01,2008,5,MAI,Emplacamento,9912,True
2008-06-01,2008,6,JUN,Emplacamento,10747,True
2008-07-01,2008,7,JUL,Emplacamento,12087,True
2008-08-01,2008,8,AGO,Emplacamento,11344,True
2008-09-01,2008,9,SET,Emplacamento,11955,True
2008-10-01,2008,10,OUT,Emplacamento,11980,True
2008-11-01,2008,11,NOV,Emplacamento,9328,True
2008-12-01,2008,12,DEZ,Emplacamento,8329,True
2009-01-01,2009,1,JAN,Emplacamento,6334,True
2009-02-01,2009,2,FEV,Emplacamento,6429,True
2009-03-01,2009,3,MAR,Emplacamento,8724,True
2009-04-01,2009,4,ABR,Emplacamento,8440,True
2009-05-01,2009,5,MAI,Emplacamento,7638,True
2009-06-01,2009,6,JUN,Emplacamento,8599,True
2009-07-01,2009,7,JUL,Emplacamento,9709,True
2009-08-01,2009,8,AGO,Emplacamento,8535,True
2009-09-01,2009,9,SET,Emplacamento,10095,True
2009-10-01,2009,10,OUT,Emplacamento,11326,True
2009-11-01,2009,11,NOV,Emplacamento,11194,True
2009-12-01,2009,12,DEZ,Emplacamento,12804,True
2010-01-01,2010,1,JAN,Emplacamento,9740,True
2010-02-01,2010,2,FEV,Emplacamento,7925,True
2010-03-01,2010,3,MAR,Emplacamento,13500,True
2010-04-01,2010,4,ABR,Emplacamento,13632,True
2010-05-01,2010,5,MAI,Emplacamento,13222,True
2010-06-01,2010,6,JUN,Emplacamento,12987,True
2010-07-01,2010,7,JUL,Emplacamento,14683,True
2010-08-01,2010,8,AGO,Emplacamento,13246,True
2010-09-01,2010,9,SET,Emplacamento,13224,True
2010-10-01,2010,10,OUT,Emplacamento,13504,True
2010-11-01,2010,11,NOV,Emplacamento,14566,True
2010-12-01,2010,12,DEZ,Emplacamento,17478,True
2011-01-01,2011,1,JAN,Emplacamento,12242,True
2011-02-01,2011,2,FEV,Emplacamento,12731,True
2011-03-01,2011,3,MAR,Emplacamento,14521,True
2011-04-01,2011,4,ABR,Emplacamento,13512,True
2011-05-01,2011,5,MAI,Emplacamento,15137,True
2011-06-01,2011,6,JUN,Emplacamento,14795,True
2011-07-01,2011,7,JUL,Emplacamento,15550,True
2011-08-01,2011,8,AGO,Emplacamento,16459,True
2011-09-01,2011,9,SET,Emplacamento,14957,True
2011-10-01,2011,10,OUT,Emplacamento,13878,True
2011-11-01,2011,11,NOV,Emplacamento,13436,True
2011-12-01,2011,12,DEZ,Emplacamento,15652,True
2012-01-01,2012,1,JAN,Emplacamento,13016,True
2012-02-01,2012,2,FEV,Emplacamento,10929,True
2012-03-01,2012,3,MAR,Emplacamento,13692,True
2012-04-01,2012,4,ABR,Emplacamento,11113,True
2012-05-01,2012,5,MAI,Emplacamento,10881,True
2012-06-01,2012,6,JUN,Emplacamento,10776,True
2012-07-01,2012,7,JUL,Emplacamento,10915,True
2012-08-01,2012,8,AGO,Emplacamento,11466,True
2012-09-01,2012,9,SET,Emplacamento,8551,True
2012-10-01,2012,10,OUT,Emplacamento,12624,True
2012-11-01,2012,11,NOV,Emplacamento,12608,True
2012-12-01,2012,12,DEZ,Emplacamento,12603,True
2013-01-01,2013,1,JAN,Emplacamento,12097,True
2013-02-01,2013,2,FEV,Emplacamento,9966,True
2013-03-01,2013,3,MAR,Emplacamento,12285,True
2013-04-01,2013,4,ABR,Emplacamento,13970,True
2013-05-01,2013,5,MAI,Emplacamento,12636,True
2013-06-01,2013,6,JUN,Emplacamento,13063,True
2013-07-01,2013,7,JUL,Emplacamento,15144,True
2013-08-01,2013,8,AGO,Emplacamento,13239,True
2013-09-01,2013,9,SET,Emplacamento,12719,True
2013-10-01,2013,10,OUT,Emplacamento,13391,True
2013-11-01,2013,11,NOV,Emplacamento,11641,True
2013-12-01,2013,12,DEZ,Emplacamento,14425,True
2014-01-01,2014,1,JAN,Emplacamento,10778,True
2014-02-01,2014,2,FEV,Emplacamento,10437,True
2014-03-01,2014,3,MAR,Emplacamento,9241,True
2014-04-01,2014,4,ABR,Emplacamento,10888,True
2014-05-01,2014,5,MAI,Emplacamento,12710,True
2014-06-01,2014,6,JUN,Emplacamento,10585,True
2014-07-01,2014,7,JUL,Emplacamento,12388,True
2014-08-01,2014,8,AGO,Emplacamento,10807,True
2014-09-01,2014,9,SET,Emplacamento,11210,True
2014-10-01,2014,10,OUT,Emplacamento,12172,True
2014-11-01,2014,11,NOV,Emplacamento,12153,True
2014-12-01,2014,12,DEZ,Emplacamento,13686,True
2015-01-01,2015,1,JAN,Emplacamento,7661,True
2015-02-01,2015,2,FEV,Emplacamento,5153,True
2015-03-01,2015,3,MAR,Emplacamento,6491,True
2015-04-01,2015,4,ABR,Emplacamento,5789,True
2015-05-01,2015,5,MAI,Emplacamento,6016,True
2015-06-01,2015,6,JUN,Emplacamento,6181,True
2015-07-01,2015,7,JUL,Emplacamento,6494,True
2015-08-01,2015,8,AGO,Emplacamento,5809,True
2015-09-01,2015,9,SET,Emplacamento,5927,True
2015-10-01,2015,10,OUT,Emplacamento,5778,True
2015-11-01,2015,11,NOV,Emplacamento,4735,True
2015-12-01,2015,12,DEZ,Emplacamento,5618,True
2016-01-01,2016,1,JAN,Emplacamento,4416,True
2016-02-01,2016,2,FEV,Emplacamento,3851,True
2016-03-01,2016,3,MAR,Emplacamento,4843,True
2016-04-01,2016,4,ABR,Emplacamento,4202,True
2016-05-01,2016,5,MAI,Emplacamento,4076,True
2016-06-01,2016,6,JUN,Emplacamento,4200,True
2016-07-01,2016,7,JUL,Emplacamento,4684,True
2016-08-01,2016,8,AGO,Emplacamento,4400,True
2016-09-01,2016,9,SET,Emplacamento,4194,True
2016-10-01,2016,10,OUT,Emplacamento,3444,True
2016-11-01,2016,11,NOV,Emplacamento,3800,True
2016-12-01,2016,12,DEZ,Emplacamento,4450,True
2017-01-01,2017,1,JAN,Emplacamento,2948,True
2017-02-01,2017,2,FEV,Emplacamento,2614,True
2017-03-01,2017,3,MAR,Emplacamento,4104,True
2017-04-01,2017,4,ABR,Emplacamento,3469,True
2017-05-01,2017,5,MAI,Emplacamento,4105,True
2017-06-01,2017,6,JUN,Emplacamento,4217,True
2017-07-01,2017,7,JUL,Emplacamento,4535,True
2017-08-01,2017,8,AGO,Emplacamento,4834,True
2017-09-01,2017,9,SET,Emplacamento,4540,True
2017-10-01,2017,10,OUT,Emplacamento,5029,True
2017-11-01,2017,11,NOV,Emplacamento,5472,True
2017-12-01,2017,12,DEZ,Emplacamento,6076,True
2018-01-01,2018,1,JAN,Emplacamento,4561,True
2018-02-01,2018,2,FEV,Emplacamento,4040,True
2018-03-01,2018,3,MAR,Emplacamento,5933,True
2018-04-01,2018,4,ABR,Emplacamento,6166,True
2018-05-01,2018,5,MAI,Emplacamento,5626,True
2018-06-01,2018,6,JUN,Emplacamento,5704,True
2018-07-01,2018,7,JUL,Emplacamento,6591,True
2018-08-01,2018,8,AGO,Emplacamento,7457,True
2018-09-01,2018,9,SET,Emplacamento,6708,True
2018-10-01,2018,10,OUT,Emplacamento,7897,True
2018-11-01,2018,11,NOV,Emplacamento,7680,True
2018-12-01,2018,12,DEZ,Emplacamento,7642,True
2019-01-01,2019,1,JAN,Emplacamento,6987,True
2019-02-01,2019,2,FEV,Emplacamento,6876,True
2019-03-01,2019,3,MAR,Emplacamento,7601,True
2019-04-01,2019,4,ABR,Emplacamento,8502,True
2019-05-01,2019,5,MAI,Emplacamento,9128,True
2019-06-01,2019,6,JUN,Emplacamento,7688,True
2019-07-01,2019,7,JUL,Emplacamento,8942,True
2019-08-01,2019,8,AGO,Emplacamento,9433,True
2019-09-01,2019,9,SET,Emplacamento,9098,True
2019-10-01,2019,10,OUT,Emplacamento,9418,True
2019-11-01,2019,11,NOV,Emplacamento,9064,True
2019-12-01,2019,12,DEZ,Emplacamento,8598,True
2020-01-01,2020,1,JAN,Emplacamento,7285,True
2020-02-01,2020,2,FEV,Emplacamento,6412,True
2020-03-01,2020,3,MAR,Emplacamento,6438,True
2020-04-01,2020,4,ABR,Emplacamento,3954,True
2020-05-01,2020,5,MAI,Emplacamento,4820,True
2020-06-01,2020,6,JUN,Emplacamento,8954,True
2020-07-01,2020,7,JUL,Emplacamento,9543,True
2020-08-01,2020,8,AGO,Emplacamento,8079,True
2020-09-01,2020,9,SET,Emplacamento,7312,True
2020-10-01,2020,10,OUT,Emplacamento,7909,True
2020-11-01,2020,11,NOV,Emplacamento,9143,True
2020-12-01,2020,12,DEZ,Emplacamento,9838,True
2021-01-01,2021,1,JAN,Emplacamento,7538,True
2021-02-01,2021,2,FEV,Emplacamento,7781,True
2021-03-01,2021,3,MAR,Emplacamento,10759,True
2021-04-01,2021,4,ABR,Emplacamento,9786,True
2021-05-01,2021,5,MAI,Emplacamento,11498,True
2021-06-01,2021,6,JUN,Emplacamento,11371,True
2021-07-01,2021,7,JUL,Emplacamento,11974,True
2021-08-01,2021,8,AGO,Emplacamento,12947,True
2021-09-01,2021,9,SET,Emplacamento,11627,True
2021-10-01,2021,10,OUT,Emplacamento,11048,True
2021-11-01,2021,11,NOV,Emplacamento,10473,True
2021-12-01,2021,12,DEZ,Emplacamento,11887,True
2022-01-01,2022,1,JAN,Emplacamento,8706,True
2022-02-01,2022,2,FEV,Emplacamento,8092,True
2022-03-01,2022,3,MAR,Emplacamento,10056,True
2022-04-01,2022,4,ABR,Emplacamento,9384,True
2022-05-01,2022,5,MAI,Emplacamento,10396,True
2022-06-01,2022,6,JUN,Emplacamento,10978,True
2022-07-01,2022,7,JUL,Emplacamento,11555,True
2022-08-01,2022,8,AGO,Emplacamento,12502,True
2022-09-01,2022,9,SET,Emplacamento,11503,True
2022-10-01,2022,10,OUT,Emplacamento,10797,True
2022-11-01,2022,11,NOV,Emplacamento,10209,True
2022-12-01,2022,12,DEZ,Emplacamento,12476,True
2023-01-01,2023,1,JAN,Emplacamento,10457,True
2023-02-01,2023,2,FEV,Emplacamento,8108,True
2023-03-01,2023,3,MAR,Emplacamento,10051,True
2023-04-01,2023,4,ABR,Emplacamento,7824,True
2023-05-01,2023,5,MAI,Emplacamento,8223,True
2023-06-01,2023,6,JUN,Emplacamento,7886,True
2023-07-01,2023,7,JUL,Emplacamento,8369,True
2023-08-01,2023,8,AGO,Emplacamento,9312,True
2023-09-01,2023,9,SET,Emplacamento,8771,True
2023-10-01,2023,10,OUT,Emplacamento,9413,True
2023-11-01,2023,11,NOV,Emplacamento,9220,True
2023-12-01,2023,12,DEZ,Emplacamento,10326,True
2024-01-01,2024,1,JAN,Emplacamento,8207,True
2024-02-01,2024,2,FEV,Emplacamento,8330,True
2024-03-01,2024,3,MAR,Emplacamento,9880,True
2024-04-01,2024,4,ABR,Emplacamento,10754,True
2024-05-01,2024,5,MAI,Emplacamento,9538,True
2024-06-01,2024,6,JUN,Emplacamento,9978,True
2024-07-01,2024,7,JUL,Emplacamento,11346,True
2024-08-01,2024,8,AGO,Emplacamento,11526,True
2024-09-01,2024,9,SET,Emplacamento,11456,True
2024-10-01,2024,10,OUT,Emplacamento,12217,True
2024-11-01,2024,11,NOV,Emplacamento,10169,True
2024-12-01,2024,12,DEZ,Emplacamento,11447,True
2025-01-01,2025,1,JAN,Emplacamento,9410,True
2025-02-01,2025,2,FEV,Emplacamento,8967,True
2025-03-01,2025,3,MAR,Emplacamento,9372,True
2025-04-01,2025,4,ABR,Emplacamento,9343,True
2025-05-01,2025,5,MAI,Emplacamento,9147,True
2025-06-01,2025,6,JUN,Emplacamento,8507,True
2025-07-01,2025,7,JUL,Emplacamento,10591,True
2025-08-01,2025,8,AGO,Emplacamento,8915,True
2025-09-01,2025,9,SET,Emplacamento,9797,True
2025-10-01,2025,10,OUT,Emplacamento,10665,True
2025-11-01,2025,11,NOV,Emplacamento,8916,True
2025-12-01,2025,12,DEZ,Emplacamento,9849,True
2026-01-01,2026,1,JAN,Emplacamento,6484,False
2026-02-01,2026,2,FEV,Emplacamento,6687,False
2026-03-01,2026,3,MAR,Emplacamento,8825,False
2026-04-01,2026,4,ABR,Emplacamento,8826,False
2026-05-01,2026,5,MAI,Emplacamento,8420,False
2026-06-01,2026,6,JUN,Emplacamento,9755,False
2026-07-01,2026,7,JUL,Emplacamento,11645,False
2026-08-01,2026,8,AGO,Emplacamento,10008,False
1965-01-01,1965,1,JAN,Exportacao,2,True
1965-02-01,1965,2,FEV,Exportacao,2,True
1965-03-01,1965,3,MAR,Exportacao,2,True
1965-04-01,1965,4,ABR,Exportacao,0,True
1965-05-01,1965,5,MAI,Exportacao,0,True
1965-06-01,1965,6,JUN,Exportacao,0,True
1965-07-01,1965,7,JUL,Exportacao,0,True
1965-08-01,1965,8,AGO,Exportacao,1,True
1965-09-01,1965,9,SET,Exportacao,1,True
1965-10-01,1965,10,OUT,Exportacao,0,True
1965-11-01,1965,11,NOV,Exportacao,1,True
1965-12-01,1965,12,DEZ,Exportacao,0,True
1966-01-01,1966,1,JAN,Exportacao,0,True
1966-02-01,1966,2,FEV,Exportacao,0,True
1966-03-01,1966,3,MAR,Exportacao,0,True
1966-04-01,1966,4,ABR,Exportacao,0,True
1966-05-01,1966,5,MAI,Exportacao,0,True
1966-06-01,1966,6,JUN,Exportacao,0,True
1966-07-01,1966,7,JUL,Exportacao,0,True
1966-08-01,1966,8,AGO,Exportacao,0,True
1966-09-01,1966,9,SET,Exportacao,0,True
1966-10-01,1966,10,OUT,Exportacao,0,True
1966-11-01,1966,11,NOV,Exportacao,3,True
1966-12-01,1966,12,DEZ,Exportacao,0,True
1967-01-01,1967,1,JAN,Exportacao,0,True
1967-02-01,1967,2,FEV,Exportacao,0,True
1967-03-01,1967,3,MAR,Exportacao,3,True
1967-04-01,1967,4,ABR,Exportacao,0,True
1967-05-01,1967,5,MAI,Exportacao,0,True
1967-06-01,1967,6,JUN,Exportacao,0,True
1967-07-01,1967,7,JUL,Exportacao,0,True
1967-08-01,1967,8,AGO,Exportacao,0,True
1967-09-01,1967,9,SET,Exportacao,0,True
1967-10-01,1967,10,OUT,Exportacao,0,True
1967-11-01,1967,11,NOV,Exportacao,0,True
1967-12-01,1967,12,DEZ,Exportacao,0,True
1968-01-01,1968,1,JAN,Exportacao,0,True
1968-02-01,1968,2,FEV,Exportacao,2,True
1968-03-01,1968,3,MAR,Exportacao,0,True
1968-04-01,1968,4,ABR,Exportacao,0,True
1968-05-01,1968,5,MAI,Exportacao,4,True
1968-06-01,1968,6,JUN,Exportacao,1,True
1968-07-01,1968,7,JUL,Exportacao,0,True
1968-08-01,1968,8,AGO,Exportacao,0,True
1968-09-01,1968,9,SET,Exportacao,0,True
1968-10-01,1968,10,OUT,Exportacao,0,True
1968-11-01,1968,11,NOV,Exportacao,0,True
1968-12-01,1968,12,DEZ,Exportacao,0,True
1969-01-01,1969,1,JAN,Exportacao,0,True
1969-02-01,1969,2,FEV,Exportacao,0,True
1969-03-01,1969,3,MAR,Exportacao,0,True
1969-04-01,1969,4,ABR,Exportacao,0,True
1969-05-01,1969,5,MAI,Exportacao,0,True
1969-06-01,1969,6,JUN,Exportacao,0,True
1969-07-01,1969,7,JUL,Exportacao,0,True
1969-08-01,1969,8,AGO,Exportacao,0,True
1969-09-01,1969,9,SET,Exportacao,0,True
1969-10-01,1969,10,OUT,Exportacao,0,True
1969-11-01,1969,11,NOV,Exportacao,0,True
1969-12-01,1969,12,DEZ,Exportacao,4,True
1970-01-01,1970,1,JAN,Exportacao,6,True
1970-02-01,1970,2,FEV,Exportacao,6,True
1970-03-01,1970,3,MAR,Exportacao,7,True
1970-04-01,1970,4,ABR,Exportacao,10,True
1970-05-01,1970,5,MAI,Exportacao,10,True
1970-06-01,1970,6,JUN,Exportacao,11,True
1970-07-01,1970,7,JUL,Exportacao,13,True
1970-08-01,1970,8,AGO,Exportacao,12,True
1970-09-01,1970,9,SET,Exportacao,8,True
1970-10-01,1970,10,OUT,Exportacao,11,True
1970-11-01,1970,11,NOV,Exportacao,14,True
1970-12-01,1970,12,DEZ,Exportacao,14,True
1971-01-01,1971,1,JAN,Exportacao,0,True
1971-02-01,1971,2,FEV,Exportacao,26,True
1971-03-01,1971,3,MAR,Exportacao,80,True
1971-04-01,1971,4,ABR,Exportacao,23,True
1971-05-01,1971,5,MAI,Exportacao,42,True
1971-06-01,1971,6,JUN,Exportacao,43,True
1971-07-01,1971,7,JUL,Exportacao,31,True
1971-08-01,1971,8,AGO,Exportacao,16,True
1971-09-01,1971,9,SET,Exportacao,33,True
1971-10-01,1971,10,OUT,Exportacao,31,True
1971-11-01,1971,11,NOV,Exportacao,20,True
1971-12-01,1971,12,DEZ,Exportacao,19,True
1972-01-01,1972,1,JAN,Exportacao,33,True
1972-02-01,1972,2,FEV,Exportacao,10,True
1972-03-01,1972,3,MAR,Exportacao,37,True
1972-04-01,1972,4,ABR,Exportacao,57,True
1972-05-01,1972,5,MAI,Exportacao,75,True
1972-06-01,1972,6,JUN,Exportacao,43,True
1972-07-01,1972,7,JUL,Exportacao,72,True
1972-08-01,1972,8,AGO,Exportacao,65,True
1972-09-01,1972,9,SET,Exportacao,21,True
1972-10-01,1972,10,OUT,Exportacao,60,True
1972-11-01,1972,11,NOV,Exportacao,35,True
1972-12-01,1972,12,DEZ,Exportacao,36,True
1973-01-01,1973,1,JAN,Exportacao,76,True
1973-02-01,1973,2,FEV,Exportacao,158,True
1973-03-01,1973,3,MAR,Exportacao,34,True
1973-04-01,1973,4,ABR,Exportacao,44,True
1973-05-01,1973,5,MAI,Exportacao,44,True
1973-06-01,1973,6,JUN,Exportacao,110,True
1973-07-01,1973,7,JUL,Exportacao,71,True
1973-08-01,1973,8,AGO,Exportacao,101,True
1973-09-01,1973,9,SET,Exportacao,178,True
1973-10-01,1973,10,OUT,Exportacao,162,True
1973-11-01,1973,11,NOV,Exportacao,239,True
1973-12-01,1973,12,DEZ,Exportacao,167,True
1974-01-01,1974,1,JAN,Exportacao,53,True
1974-02-01,1974,2,FEV,Exportacao,109,True
1974-03-01,1974,3,MAR,Exportacao,139,True
1974-04-01,1974,4,ABR,Exportacao,236,True
1974-05-01,1974,5,MAI,Exportacao,235,True
1974-06-01,1974,6,JUN,Exportacao,98,True
1974-07-01,1974,7,JUL,Exportacao,490,True
1974-08-01,1974,8,AGO,Exportacao,337,True
1974-09-01,1974,9,SET,Exportacao,318,True
1974-10-01,1974,10,OUT,Exportacao,374,True
1974-11-01,1974,11,NOV,Exportacao,248,True
1974-12-01,1974,12,DEZ,Exportacao,295,True
1975-01-01,1975,1,JAN,Exportacao,374,True
1975-02-01,1975,2,FEV,Exportacao,335,True
1975-03-01,1975,3,MAR,Exportacao,501,True
1975-04-01,1975,4,ABR,Exportacao,309,True
1975-05-01,1975,5,MAI,Exportacao,444,True
1975-06-01,1975,6,JUN,Exportacao,304,True
1975-07-01,1975,7,JUL,Exportacao,268,True
1975-08-01,1975,8,AGO,Exportacao,260,True
1975-09-01,1975,9,SET,Exportacao,333,True
1975-10-01,1975,10,OUT,Exportacao,281,True
1975-11-01,1975,11,NOV,Exportacao,490,True
1975-12-01,1975,12,DEZ,Exportacao,517,True
1976-01-01,1976,1,JAN,Exportacao,347,True
1976-02-01,1976,2,FEV,Exportacao,431,True
1976-03-01,1976,3,MAR,Exportacao,535,True
1976-04-01,1976,4,ABR,Exportacao,417,True
1976-05-01,1976,5,MAI,Exportacao,482,True
1976-06-01,1976,6,JUN,Exportacao,546,True
1976-07-01,1976,7,JUL,Exportacao,236,True
1976-08-01,1976,8,AGO,Exportacao,783,True
1976-09-01,1976,9,SET,Exportacao,476,True
1976-10-01,1976,10,OUT,Exportacao,751,True
1976-11-01,1976,11,NOV,Exportacao,514,True
1976-12-01,1976,12,DEZ,Exportacao,566,True
1977-01-01,1977,1,JAN,Exportacao,631,True
1977-02-01,1977,2,FEV,Exportacao,470,True
1977-03-01,1977,3,MAR,Exportacao,514,True
1977-04-01,1977,4,ABR,Exportacao,481,True
1977-05-01,1977,5,MAI,Exportacao,530,True
1977-06-01,1977,6,JUN,Exportacao,392,True
1977-07-01,1977,7,JUL,Exportacao,650,True
1977-08-01,1977,8,AGO,Exportacao,504,True
1977-09-01,1977,9,SET,Exportacao,650,True
1977-10-01,1977,10,OUT,Exportacao,484,True
1977-11-01,1977,11,NOV,Exportacao,622,True
1977-12-01,1977,12,DEZ,Exportacao,499,True
1978-01-01,1978,1,JAN,Exportacao,411,True
1978-02-01,1978,2,FEV,Exportacao,491,True
1978-03-01,1978,3,MAR,Exportacao,485,True
1978-04-01,1978,4,ABR,Exportacao,441,True
1978-05-01,1978,5,MAI,Exportacao,457,True
1978-06-01,1978,6,JUN,Exportacao,542,True
1978-07-01,1978,7,JUL,Exportacao,725,True
1978-08-01,1978,8,AGO,Exportacao,540,True
1978-09-01,1978,9,SET,Exportacao,618,True
1978-10-01,1978,10,OUT,Exportacao,920,True
1978-11-01,1978,11,NOV,Exportacao,1016,True
1978-12-01,1978,12,DEZ,Exportacao,878,True
1979-01-01,1979,1,JAN,Exportacao,545,True
1979-02-01,1979,2,FEV,Exportacao,588,True
1979-03-01,1979,3,MAR,Exportacao,447,True
1979-04-01,1979,4,ABR,Exportacao,853,True
1979-05-01,1979,5,MAI,Exportacao,760,True
1979-06-01,1979,6,JUN,Exportacao,886,True
1979-07-01,1979,7,JUL,Exportacao,1132,True
1979-08-01,1979,8,AGO,Exportacao,1253,True
1979-09-01,1979,9,SET,Exportacao,1062,True
1979-10-01,1979,10,OUT,Exportacao,1411,True
1979-11-01,1979,11,NOV,Exportacao,977,True
1979-12-01,1979,12,DEZ,Exportacao,1341,True
1980-01-01,1980,1,JAN,Exportacao,628,True
1980-02-01,1980,2,FEV,Exportacao,1088,True
1980-03-01,1980,3,MAR,Exportacao,1026,True
1980-04-01,1980,4,ABR,Exportacao,503,True
1980-05-01,1980,5,MAI,Exportacao,1454,True
1980-06-01,1980,6,JUN,Exportacao,1621,True
1980-07-01,1980,7,JUL,Exportacao,1433,True
1980-08-01,1980,8,AGO,Exportacao,1366,True
1980-09-01,1980,9,SET,Exportacao,1525,True
1980-10-01,1980,10,OUT,Exportacao,1212,True
1980-11-01,1980,11,NOV,Exportacao,1402,True
1980-12-01,1980,12,DEZ,Exportacao,1204,True
1981-01-01,1981,1,JAN,Exportacao,1110,True
1981-02-01,1981,2,FEV,Exportacao,1419,True
1981-03-01,1981,3,MAR,Exportacao,1111,True
1981-04-01,1981,4,ABR,Exportacao,1186,True
1981-05-01,1981,5,MAI,Exportacao,951,True
1981-06-01,1981,6,JUN,Exportacao,1336,True
1981-07-01,1981,7,JUL,Exportacao,1290,True
1981-08-01,1981,8,AGO,Exportacao,865,True
1981-09-01,1981,9,SET,Exportacao,667,True
1981-10-01,1981,10,OUT,Exportacao,732,True
1981-11-01,1981,11,NOV,Exportacao,561,True
1981-12-01,1981,12,DEZ,Exportacao,517,True
1982-01-01,1982,1,JAN,Exportacao,274,True
1982-02-01,1982,2,FEV,Exportacao,192,True
1982-03-01,1982,3,MAR,Exportacao,430,True
1982-04-01,1982,4,ABR,Exportacao,202,True
1982-05-01,1982,5,MAI,Exportacao,225,True
1982-06-01,1982,6,JUN,Exportacao,158,True
1982-07-01,1982,7,JUL,Exportacao,150,True
1982-08-01,1982,8,AGO,Exportacao,373,True
1982-09-01,1982,9,SET,Exportacao,257,True
1982-10-01,1982,10,OUT,Exportacao,130,True
1982-11-01,1982,11,NOV,Exportacao,99,True
1982-12-01,1982,12,DEZ,Exportacao,90,True
1983-01-01,1983,1,JAN,Exportacao,23,True
1983-02-01,1983,2,FEV,Exportacao,108,True
1983-03-01,1983,3,MAR,Exportacao,149,True
1983-04-01,1983,4,ABR,Exportacao,5,True
1983-05-01,1983,5,MAI,Exportacao,165,True
1983-06-01,1983,6,JUN,Exportacao,32,True
1983-07-01,1983,7,JUL,Exportacao,48,True
1983-08-01,1983,8,AGO,Exportacao,80,True
1983-09-01,1983,9,SET,Exportacao,53,True
1983-10-01,1983,10,OUT,Exportacao,137,True
1983-11-01,1983,11,NOV,Exportacao,88,True
1983-12-01,1983,12,DEZ,Exportacao,531,True
1984-01-01,1984,1,JAN,Exportacao,32,True
1984-02-01,1984,2,FEV,Exportacao,122,True
1984-03-01,1984,3,MAR,Exportacao,38,True
1984-04-01,1984,4,ABR,Exportacao,37,True
1984-05-01,1984,5,MAI,Exportacao,60,True
1984-06-01,1984,6,JUN,Exportacao,91,True
1984-07-01,1984,7,JUL,Exportacao,198,True
1984-08-01,1984,8,AGO,Exportacao,272,True
1984-09-01,1984,9,SET,Exportacao,137,True
1984-10-01,1984,10,OUT,Exportacao,131,True
1984-11-01,1984,11,NOV,Exportacao,127,True
1984-12-01,1984,12,DEZ,Exportacao,351,True
1985-01-01,1985,1,JAN,Exportacao,143,True
1985-02-01,1985,2,FEV,Exportacao,29,True
1985-03-01,1985,3,MAR,Exportacao,133,True
1985-04-01,1985,4,ABR,Exportacao,264,True
1985-05-01,1985,5,MAI,Exportacao,585,True
1985-06-01,1985,6,JUN,Exportacao,222,True
1985-07-01,1985,7,JUL,Exportacao,212,True
1985-08-01,1985,8,AGO,Exportacao,868,True
1985-09-01,1985,9,SET,Exportacao,516,True
1985-10-01,1985,10,OUT,Exportacao,534,True
1985-11-01,1985,11,NOV,Exportacao,591,True
1985-12-01,1985,12,DEZ,Exportacao,641,True
1986-01-01,1986,1,JAN,Exportacao,407,True
1986-02-01,1986,2,FEV,Exportacao,229,True
1986-03-01,1986,3,MAR,Exportacao,382,True
1986-04-01,1986,4,ABR,Exportacao,425,True
1986-05-01,1986,5,MAI,Exportacao,433,True
1986-06-01,1986,6,JUN,Exportacao,533,True
1986-07-01,1986,7,JUL,Exportacao,543,True
1986-08-01,1986,8,AGO,Exportacao,474,True
1986-09-01,1986,9,SET,Exportacao,217,True
1986-10-01,1986,10,OUT,Exportacao,712,True
1986-11-01,1986,11,NOV,Exportacao,535,True
1986-12-01,1986,12,DEZ,Exportacao,784,True
1987-01-01,1987,1,JAN,Exportacao,359,True
1987-02-01,1987,2,FEV,Exportacao,391,True
1987-03-01,1987,3,MAR,Exportacao,554,True
1987-04-01,1987,4,ABR,Exportacao,884,True
1987-05-01,1987,5,MAI,Exportacao,950,True
1987-06-01,1987,6,JUN,Exportacao,988,True
1987-07-01,1987,7,JUL,Exportacao,1395,True
1987-08-01,1987,8,AGO,Exportacao,882,True
1987-09-01,1987,9,SET,Exportacao,749,True
1987-10-01,1987,10,OUT,Exportacao,1411,True
1987-11-01,1987,11,NOV,Exportacao,1299,True
1987-12-01,1987,12,DEZ,Exportacao,1382,True
1988-01-01,1988,1,JAN,Exportacao,862,True
1988-02-01,1988,2,FEV,Exportacao,1284,True
1988-03-01,1988,3,MAR,Exportacao,1291,True
1988-04-01,1988,4,ABR,Exportacao,1160,True
1988-05-01,1988,5,MAI,Exportacao,1531,True
1988-06-01,1988,6,JUN,Exportacao,1113,True
1988-07-01,1988,7,JUL,Exportacao,660,True
1988-08-01,1988,8,AGO,Exportacao,1432,True
1988-09-01,1988,9,SET,Exportacao,671,True
1988-10-01,1988,10,OUT,Exportacao,971,True
1988-11-01,1988,11,NOV,Exportacao,865,True
1988-12-01,1988,12,DEZ,Exportacao,1084,True
1989-01-01,1989,1,JAN,Exportacao,709,True
1989-02-01,1989,2,FEV,Exportacao,521,True
1989-03-01,1989,3,MAR,Exportacao,931,True
1989-04-01,1989,4,ABR,Exportacao,560,True
1989-05-01,1989,5,MAI,Exportacao,685,True
1989-06-01,1989,6,JUN,Exportacao,1207,True
1989-07-01,1989,7,JUL,Exportacao,1155,True
1989-08-01,1989,8,AGO,Exportacao,933,True
1989-09-01,1989,9,SET,Exportacao,794,True
1989-10-01,1989,10,OUT,Exportacao,723,True
1989-11-01,1989,11,NOV,Exportacao,791,True
1989-12-01,1989,12,DEZ,Exportacao,979,True
1990-01-01,1990,1,JAN,Exportacao,403,True
1990-02-01,1990,2,FEV,Exportacao,281,True
1990-03-01,1990,3,MAR,Exportacao,343,True
1990-04-01,1990,4,ABR,Exportacao,297,True
1990-05-01,1990,5,MAI,Exportacao,618,True
1990-06-01,1990,6,JUN,Exportacao,573,True
1990-07-01,1990,7,JUL,Exportacao,202,True
1990-08-01,1990,8,AGO,Exportacao,261,True
1990-09-01,1990,9,SET,Exportacao,708,True
1990-10-01,1990,10,OUT,Exportacao,219,True
1990-11-01,1990,11,NOV,Exportacao,330,True
1990-12-01,1990,12,DEZ,Exportacao,825,True
1991-01-01,1991,1,JAN,Exportacao,136,True
1991-02-01,1991,2,FEV,Exportacao,225,True
1991-03-01,1991,3,MAR,Exportacao,277,True
1991-04-01,1991,4,ABR,Exportacao,248,True
1991-05-01,1991,5,MAI,Exportacao,175,True
1991-06-01,1991,6,JUN,Exportacao,257,True
1991-07-01,1991,7,JUL,Exportacao,307,True
1991-08-01,1991,8,AGO,Exportacao,526,True
1991-09-01,1991,9,SET,Exportacao,287,True
1991-10-01,1991,10,OUT,Exportacao,414,True
1991-11-01,1991,11,NOV,Exportacao,373,True
1991-12-01,1991,12,DEZ,Exportacao,376,True
1992-01-01,1992,1,JAN,Exportacao,346,True
1992-02-01,1992,2,FEV,Exportacao,454,True
1992-03-01,1992,3,MAR,Exportacao,596,True
1992-04-01,1992,4,ABR,Exportacao,425,True
1992-05-01,1992,5,MAI,Exportacao,760,True
1992-06-01,1992,6,JUN,Exportacao,791,True
1992-07-01,1992,7,JUL,Exportacao,699,True
1992-08-01,1992,8,AGO,Exportacao,605,True
1992-09-01,1992,9,SET,Exportacao,979,True
1992-10-01,1992,10,OUT,Exportacao,591,True
1992-11-01,1992,11,NOV,Exportacao,473,True
1992-12-01,1992,12,DEZ,Exportacao,1075,True
1993-01-01,1993,1,JAN,Exportacao,189,True
1993-02-01,1993,2,FEV,Exportacao,546,True
1993-03-01,1993,3,MAR,Exportacao,783,True
1993-04-01,1993,4,ABR,Exportacao,561,True
1993-05-01,1993,5,MAI,Exportacao,712,True
1993-06-01,1993,6,JUN,Exportacao,835,True
1993-07-01,1993,7,JUL,Exportacao,654,True
1993-08-01,1993,8,AGO,Exportacao,744,True
1993-09-01,1993,9,SET,Exportacao,840,True
1993-10-01,1993,10,OUT,Exportacao,555,True
1993-11-01,1993,11,NOV,Exportacao,870,True
1993-12-01,1993,12,DEZ,Exportacao,1299,True
1994-01-01,1994,1,JAN,Exportacao,435,True
1994-02-01,1994,2,FEV,Exportacao,756,True
1994-03-01,1994,3,MAR,Exportacao,813,True
1994-04-01,1994,4,ABR,Exportacao,569,True
1994-05-01,1994,5,MAI,Exportacao,1093,True
1994-06-01,1994,6,JUN,Exportacao,944,True
1994-07-01,1994,7,JUL,Exportacao,1030,True
1994-08-01,1994,8,AGO,Exportacao,1226,True
1994-09-01,1994,9,SET,Exportacao,859,True
1994-10-01,1994,10,OUT,Exportacao,839,True
1994-11-01,1994,11,NOV,Exportacao,980,True
1994-12-01,1994,12,DEZ,Exportacao,846,True
1995-01-01,1995,1,JAN,Exportacao,512,True
1995-02-01,1995,2,FEV,Exportacao,499,True
1995-03-01,1995,3,MAR,Exportacao,790,True
1995-04-01,1995,4,ABR,Exportacao,608,True
1995-05-01,1995,5,MAI,Exportacao,757,True
1995-06-01,1995,6,JUN,Exportacao,489,True
1995-07-01,1995,7,JUL,Exportacao,957,True
1995-08-01,1995,8,AGO,Exportacao,875,True
1995-09-01,1995,9,SET,Exportacao,841,True
1995-10-01,1995,10,OUT,Exportacao,587,True
1995-11-01,1995,11,NOV,Exportacao,693,True
1995-12-01,1995,12,DEZ,Exportacao,658,True
1996-01-01,1996,1,JAN,Exportacao,348,True
1996-02-01,1996,2,FEV,Exportacao,398,True
1996-03-01,1996,3,MAR,Exportacao,843,True
1996-04-01,1996,4,ABR,Exportacao,447,True
1996-05-01,1996,5,MAI,Exportacao,689,True
1996-06-01,1996,6,JUN,Exportacao,620,True
1996-07-01,1996,7,JUL,Exportacao,603,True
1996-08-01,1996,8,AGO,Exportacao,906,True
1996-09-01,1996,9,SET,Exportacao,582,True
1996-10-01,1996,10,OUT,Exportacao,669,True
1996-11-01,1996,11,NOV,Exportacao,958,True
1996-12-01,1996,12,DEZ,Exportacao,820,True
1997-01-01,1997,1,JAN,Exportacao,560,True
1997-02-01,1997,2,FEV,Exportacao,571,True
1997-03-01,1997,3,MAR,Exportacao,824,True
1997-04-01,1997,4,ABR,Exportacao,901,True
1997-05-01,1997,5,MAI,Exportacao,1002,True
1997-06-01,1997,6,JUN,Exportacao,950,True
1997-07-01,1997,7,JUL,Exportacao,1212,True
1997-08-01,1997,8,AGO,Exportacao,999,True
1997-09-01,1997,9,SET,Exportacao,1005,True
1997-10-01,1997,10,OUT,Exportacao,1199,True
1997-11-01,1997,11,NOV,Exportacao,1191,True
1997-12-01,1997,12,DEZ,Exportacao,1712,True
1998-01-01,1998,1,JAN,Exportacao,1097,True
1998-02-01,1998,2,FEV,Exportacao,1262,True
1998-03-01,1998,3,MAR,Exportacao,1157,True
1998-04-01,1998,4,ABR,Exportacao,1372,True
1998-05-01,1998,5,MAI,Exportacao,1143,True
1998-06-01,1998,6,JUN,Exportacao,1086,True
1998-07-01,1998,7,JUL,Exportacao,1267,True
1998-08-01,1998,8,AGO,Exportacao,1147,True
1998-09-01,1998,9,SET,Exportacao,1369,True
1998-10-01,1998,10,OUT,Exportacao,1237,True
1998-11-01,1998,11,NOV,Exportacao,1232,True
1998-12-01,1998,12,DEZ,Exportacao,673,True
1999-01-01,1999,1,JAN,Exportacao,642,True
1999-02-01,1999,2,FEV,Exportacao,753,True
1999-03-01,1999,3,MAR,Exportacao,788,True
1999-04-01,1999,4,ABR,Exportacao,669,True
1999-05-01,1999,5,MAI,Exportacao,562,True
1999-06-01,1999,6,JUN,Exportacao,695,True
1999-07-01,1999,7,JUL,Exportacao,573,True
1999-08-01,1999,8,AGO,Exportacao,578,True
1999-09-01,1999,9,SET,Exportacao,604,True
1999-10-01,1999,10,OUT,Exportacao,691,True
1999-11-01,1999,11,NOV,Exportacao,1004,True
1999-12-01,1999,12,DEZ,Exportacao,827,True
2000-01-01,2000,1,JAN,Exportacao,404,True
2000-02-01,2000,2,FEV,Exportacao,1084,True
2000-03-01,2000,3,MAR,Exportacao,919,True
2000-04-01,2000,4,ABR,Exportacao,825,True
2000-05-01,2000,5,MAI,Exportacao,957,True
2000-06-01,2000,6,JUN,Exportacao,598,True
2000-07-01,2000,7,JUL,Exportacao,654,True
2000-08-01,2000,8,AGO,Exportacao,681,True
2000-09-01,2000,9,SET,Exportacao,686,True
2000-10-01,2000,10,OUT,Exportacao,512,True
2000-11-01,2000,11,NOV,Exportacao,665,True
2000-12-01,2000,12,DEZ,Exportacao,760,True
2001-01-01,2001,1,JAN,Exportacao,347,True
2001-02-01,2001,2,FEV,Exportacao,625,True
2001-03-01,2001,3,MAR,Exportacao,847,True
2001-04-01,2001,4,ABR,Exportacao,564,True
2001-05-01,2001,5,MAI,Exportacao,586,True
2001-06-01,2001,6,JUN,Exportacao,688,True
2001-07-01,2001,7,JUL,Exportacao,646,True
2001-08-01,2001,8,AGO,Exportacao,524,True
2001-09-01,2001,9,SET,Exportacao,523,True
2001-10-01,2001,10,OUT,Exportacao,481,True
2001-11-01,2001,11,NOV,Exportacao,336,True
2001-12-01,2001,12,DEZ,Exportacao,395,True
2002-01-01,2002,1,JAN,Exportacao,154,True
2002-02-01,2002,2,FEV,Exportacao,280,True
2002-03-01,2002,3,MAR,Exportacao,461,True
2002-04-01,2002,4,ABR,Exportacao,268,True
2002-05-01,2002,5,MAI,Exportacao,543,True
2002-06-01,2002,6,JUN,Exportacao,365,True
2002-07-01,2002,7,JUL,Exportacao,525,True
2002-08-01,2002,8,AGO,Exportacao,422,True
2002-09-01,2002,9,SET,Exportacao,648,True
2002-10-01,2002,10,OUT,Exportacao,546,True
2002-11-01,2002,11,NOV,Exportacao,496,True
2002-12-01,2002,12,DEZ,Exportacao,583,True
2003-01-01,2003,1,JAN,Exportacao,301,True
2003-02-01,2003,2,FEV,Exportacao,660,True
2003-03-01,2003,3,MAR,Exportacao,738,True
2003-04-01,2003,4,ABR,Exportacao,663,True
2003-05-01,2003,5,MAI,Exportacao,674,True
2003-06-01,2003,6,JUN,Exportacao,1139,True
2003-07-01,2003,7,JUL,Exportacao,1042,True
2003-08-01,2003,8,AGO,Exportacao,1025,True
2003-09-01,2003,9,SET,Exportacao,1282,True
2003-10-01,2003,10,OUT,Exportacao,1285,True
2003-11-01,2003,11,NOV,Exportacao,1554,True
2003-12-01,2003,12,DEZ,Exportacao,1322,True
2004-01-01,2004,1,JAN,Exportacao,1053,True
2004-02-01,2004,2,FEV,Exportacao,1483,True
2004-03-01,2004,3,MAR,Exportacao,2119,True
2004-04-01,2004,4,ABR,Exportacao,2127,True
2004-05-01,2004,5,MAI,Exportacao,2157,True
2004-06-01,2004,6,JUN,Exportacao,2180,True
2004-07-01,2004,7,JUL,Exportacao,2360,True
2004-08-01,2004,8,AGO,Exportacao,2201,True
2004-09-01,2004,9,SET,Exportacao,2127,True
2004-10-01,2004,10,OUT,Exportacao,1908,True
2004-11-01,2004,11,NOV,Exportacao,1857,True
2004-12-01,2004,12,DEZ,Exportacao,1644,True
2005-01-01,2005,1,JAN,Exportacao,1439,True
2005-02-01,2005,2,FEV,Exportacao,1930,True
2005-03-01,2005,3,MAR,Exportacao,2621,True
2005-04-01,2005,4,ABR,Exportacao,2187,True
2005-05-01,2005,5,MAI,Exportacao,2714,True
2005-06-01,2005,6,JUN,Exportacao,2802,True
2005-07-01,2005,7,JUL,Exportacao,2704,True
2005-08-01,2005,8,AGO,Exportacao,2907,True
2005-09-01,2005,9,SET,Exportacao,3259,True
2005-10-01,2005,10,OUT,Exportacao,4004,True
2005-11-01,2005,11,NOV,Exportacao,3995,True
2005-12-01,2005,12,DEZ,Exportacao,3070,True
2006-01-01,2006,1,JAN,Exportacao,1441,True
2006-02-01,2006,2,FEV,Exportacao,2513,True
2006-03-01,2006,3,MAR,Exportacao,3067,True
2006-04-01,2006,4,ABR,Exportacao,3143,True
2006-05-01,2006,5,MAI,Exportacao,3278,True
2006-06-01,2006,6,JUN,Exportacao,3013,True
2006-07-01,2006,7,JUL,Exportacao,3147,True
2006-08-01,2006,8,AGO,Exportacao,3193,True
2006-09-01,2006,9,SET,Exportacao,2934,True
2006-10-01,2006,10,OUT,Exportacao,2962,True
2006-11-01,2006,11,NOV,Exportacao,3021,True
2006-12-01,2006,12,DEZ,Exportacao,3371,True
2007-01-01,2007,1,JAN,Exportacao,1775,True
2007-02-01,2007,2,FEV,Exportacao,2505,True
2007-03-01,2007,3,MAR,Exportacao,3073,True
2007-04-01,2007,4,ABR,Exportacao,3105,True
2007-05-01,2007,5,MAI,Exportacao,3628,True
2007-06-01,2007,6,JUN,Exportacao,2977,True
2007-07-01,2007,7,JUL,Exportacao,3434,True
2007-08-01,2007,8,AGO,Exportacao,3625,True
2007-09-01,2007,9,SET,Exportacao,3013,True
2007-10-01,2007,10,OUT,Exportacao,3679,True
2007-11-01,2007,11,NOV,Exportacao,3377,True
2007-12-01,2007,12,DEZ,Exportacao,3920,True
2008-01-01,2008,1,JAN,Exportacao,1661,True
2008-02-01,2008,2,FEV,Exportacao,3197,True
2008-03-01,2008,3,MAR,Exportacao,2862,True
2008-04-01,2008,4,ABR,Exportacao,3057,True
2008-05-01,2008,5,MAI,Exportacao,2806,True
2008-06-01,2008,6,JUN,Exportacao,3275,True
2008-07-01,2008,7,JUL,Exportacao,2972,True
2008-08-01,2008,8,AGO,Exportacao,3998,True
2008-09-01,2008,9,SET,Exportacao,3710,True
2008-10-01,2008,10,OUT,Exportacao,3523,True
2008-11-01,2008,11,NOV,Exportacao,2630,True
2008-12-01,2008,12,DEZ,Exportacao,1140,True
2009-01-01,2009,1,JAN,Exportacao,702,True
2009-02-01,2009,2,FEV,Exportacao,1043,True
2009-03-01,2009,3,MAR,Exportacao,917,True
2009-04-01,2009,4,ABR,Exportacao,559,True
2009-05-01,2009,5,MAI,Exportacao,694,True
2009-06-01,2009,6,JUN,Exportacao,676,True
2009-07-01,2009,7,JUL,Exportacao,805,True
2009-08-01,2009,8,AGO,Exportacao,868,True
2009-09-01,2009,9,SET,Exportacao,1051,True
2009-10-01,2009,10,OUT,Exportacao,1065,True
2009-11-01,2009,11,NOV,Exportacao,1305,True
2009-12-01,2009,12,DEZ,Exportacao,1166,True
2010-01-01,2010,1,JAN,Exportacao,1004,True
2010-02-01,2010,2,FEV,Exportacao,1283,True
2010-03-01,2010,3,MAR,Exportacao,1800,True
2010-04-01,2010,4,ABR,Exportacao,1433,True
2010-05-01,2010,5,MAI,Exportacao,1951,True
2010-06-01,2010,6,JUN,Exportacao,1615,True
2010-07-01,2010,7,JUL,Exportacao,2602,True
2010-08-01,2010,8,AGO,Exportacao,1802,True
2010-09-01,2010,9,SET,Exportacao,1950,True
2010-10-01,2010,10,OUT,Exportacao,2273,True
2010-11-01,2010,11,NOV,Exportacao,1719,True
2010-12-01,2010,12,DEZ,Exportacao,1750,True
2011-01-01,2011,1,JAN,Exportacao,1547,True
2011-02-01,2011,2,FEV,Exportacao,1889,True
2011-03-01,2011,3,MAR,Exportacao,2008,True
2011-04-01,2011,4,ABR,Exportacao,2349,True
2011-05-01,2011,5,MAI,Exportacao,2817,True
2011-06-01,2011,6,JUN,Exportacao,2115,True
2011-07-01,2011,7,JUL,Exportacao,1686,True
2011-08-01,2011,8,AGO,Exportacao,2776,True
2011-09-01,2011,9,SET,Exportacao,2786,True
2011-10-01,2011,10,OUT,Exportacao,2608,True
2011-11-01,2011,11,NOV,Exportacao,2823,True
2011-12-01,2011,12,DEZ,Exportacao,1630,True
2012-01-01,2012,1,JAN,Exportacao,1192,True
2012-02-01,2012,2,FEV,Exportacao,2200,True
2012-03-01,2012,3,MAR,Exportacao,2185,True
2012-04-01,2012,4,ABR,Exportacao,1847,True
2012-05-01,2012,5,MAI,Exportacao,1987,True
2012-06-01,2012,6,JUN,Exportacao,2245,True
2012-07-01,2012,7,JUL,Exportacao,2173,True
2012-08-01,2012,8,AGO,Exportacao,2262,True
2012-09-01,2012,9,SET,Exportacao,2002,True
2012-10-01,2012,10,OUT,Exportacao,2195,True
2012-11-01,2012,11,NOV,Exportacao,1722,True
2012-12-01,2012,12,DEZ,Exportacao,1057,True
2013-01-01,2013,1,JAN,Exportacao,1373,True
2013-02-01,2013,2,FEV,Exportacao,975,True
2013-03-01,2013,3,MAR,Exportacao,1739,True
2013-04-01,2013,4,ABR,Exportacao,1883,True
2013-05-01,2013,5,MAI,Exportacao,2508,True
2013-06-01,2013,6,JUN,Exportacao,2415,True
2013-07-01,2013,7,JUL,Exportacao,2051,True
2013-08-01,2013,8,AGO,Exportacao,3002,True
2013-09-01,2013,9,SET,Exportacao,1679,True
2013-10-01,2013,10,OUT,Exportacao,2494,True
2013-11-01,2013,11,NOV,Exportacao,2212,True
2013-12-01,2013,12,DEZ,Exportacao,1870,True
2014-01-01,2014,1,JAN,Exportacao,1144,True
2014-02-01,2014,2,FEV,Exportacao,1778,True
2014-03-01,2014,3,MAR,Exportacao,1548,True
2014-04-01,2014,4,ABR,Exportacao,1692,True
2014-05-01,2014,5,MAI,Exportacao,1590,True
2014-06-01,2014,6,JUN,Exportacao,1570,True
2014-07-01,2014,7,JUL,Exportacao,1347,True
2014-08-01,2014,8,AGO,Exportacao,1690,True
2014-09-01,2014,9,SET,Exportacao,1583,True
2014-10-01,2014,10,OUT,Exportacao,1389,True
2014-11-01,2014,11,NOV,Exportacao,1560,True
2014-12-01,2014,12,DEZ,Exportacao,846,True
2015-01-01,2015,1,JAN,Exportacao,1169,True
2015-02-01,2015,2,FEV,Exportacao,1428,True
2015-03-01,2015,3,MAR,Exportacao,1793,True
2015-04-01,2015,4,ABR,Exportacao,1668,True
2015-05-01,2015,5,MAI,Exportacao,2154,True
2015-06-01,2015,6,JUN,Exportacao,1980,True
2015-07-01,2015,7,JUL,Exportacao,1774,True
2015-08-01,2015,8,AGO,Exportacao,1393,True
2015-09-01,2015,9,SET,Exportacao,2012,True
2015-10-01,2015,10,OUT,Exportacao,2077,True
2015-11-01,2015,11,NOV,Exportacao,2518,True
2015-12-01,2015,12,DEZ,Exportacao,1017,True
2016-01-01,2016,1,JAN,Exportacao,842,True
2016-02-01,2016,2,FEV,Exportacao,1675,True
2016-03-01,2016,3,MAR,Exportacao,1587,True
2016-04-01,2016,4,ABR,Exportacao,1697,True
2016-05-01,2016,5,MAI,Exportacao,1857,True
2016-06-01,2016,6,JUN,Exportacao,1718,True
2016-07-01,2016,7,JUL,Exportacao,1880,True
2016-08-01,2016,8,AGO,Exportacao,1499,True
2016-09-01,2016,9,SET,Exportacao,2502,True
2016-10-01,2016,10,OUT,Exportacao,1651,True
2016-11-01,2016,11,NOV,Exportacao,2206,True
2016-12-01,2016,12,DEZ,Exportacao,2434,True
2017-01-01,2017,1,JAN,Exportacao,1065,True
2017-02-01,2017,2,FEV,Exportacao,2122,True
2017-03-01,2017,3,MAR,Exportacao,2657,True
2017-04-01,2017,4,ABR,Exportacao,2469,True
2017-05-01,2017,5,MAI,Exportacao,2534,True
2017-06-01,2017,6,JUN,Exportacao,2784,True
2017-07-01,2017,7,JUL,Exportacao,2753,True
2017-08-01,2017,8,AGO,Exportacao,2634,True
2017-09-01,2017,9,SET,Exportacao,2404,True
2017-10-01,2017,10,OUT,Exportacao,2348,True
2017-11-01,2017,11,NOV,Exportacao,2302,True
2017-12-01,2017,12,DEZ,Exportacao,2148,True
2018-01-01,2018,1,JAN,Exportacao,1865,True
2018-02-01,2018,2,FEV,Exportacao,2709,True
2018-03-01,2018,3,MAR,Exportacao,2757,True
2018-04-01,2018,4,ABR,Exportacao,2736,True
2018-05-01,2018,5,MAI,Exportacao,1783,True
2018-06-01,2018,6,JUN,Exportacao,2511,True
2018-07-01,2018,7,JUL,Exportacao,2148,True
2018-08-01,2018,8,AGO,Exportacao,2161,True
2018-09-01,2018,9,SET,Exportacao,1794,True
2018-10-01,2018,10,OUT,Exportacao,1731,True
2018-11-01,2018,11,NOV,Exportacao,1392,True
2018-12-01,2018,12,DEZ,Exportacao,1055,True
2019-01-01,2019,1,JAN,Exportacao,520,True
2019-02-01,2019,2,FEV,Exportacao,806,True
2019-03-01,2019,3,MAR,Exportacao,1193,True
2019-04-01,2019,4,ABR,Exportacao,1104,True
2019-05-01,2019,5,MAI,Exportacao,1323,True
2019-06-01,2019,6,JUN,Exportacao,1045,True
2019-07-01,2019,7,JUL,Exportacao,1510,True
2019-08-01,2019,8,AGO,Exportacao,1353,True
2019-09-01,2019,9,SET,Exportacao,984,True
2019-10-01,2019,10,OUT,Exportacao,1499,True
2019-11-01,2019,11,NOV,Exportacao,1242,True
2019-12-01,2019,12,DEZ,Exportacao,973,True
2020-01-01,2020,1,JAN,Exportacao,893,True
2020-02-01,2020,2,FEV,Exportacao,897,True
2020-03-01,2020,3,MAR,Exportacao,969,True
2020-04-01,2020,4,ABR,Exportacao,217,True
2020-05-01,2020,5,MAI,Exportacao,636,True
2020-06-01,2020,6,JUN,Exportacao,1187,True
2020-07-01,2020,7,JUL,Exportacao,1217,True
2020-08-01,2020,8,AGO,Exportacao,1116,True
2020-09-01,2020,9,SET,Exportacao,1568,True
2020-10-01,2020,10,OUT,Exportacao,1474,True
2020-11-01,2020,11,NOV,Exportacao,1426,True
2020-12-01,2020,12,DEZ,Exportacao,1643,True
2021-01-01,2021,1,JAN,Exportacao,1370,True
2021-02-01,2021,2,FEV,Exportacao,1958,True
2021-03-01,2021,3,MAR,Exportacao,1951,True
2021-04-01,2021,4,ABR,Exportacao,1887,True
2021-05-01,2021,5,MAI,Exportacao,1797,True
2021-06-01,2021,6,JUN,Exportacao,1768,True
2021-07-01,2021,7,JUL,Exportacao,1884,True
2021-08-01,2021,8,AGO,Exportacao,2068,True
2021-09-01,2021,9,SET,Exportacao,1976,True
2021-10-01,2021,10,OUT,Exportacao,2305,True
2021-11-01,2021,11,NOV,Exportacao,1800,True
2021-12-01,2021,12,DEZ,Exportacao,1935,True
2022-01-01,2022,1,JAN,Exportacao,1181,True
2022-02-01,2022,2,FEV,Exportacao,1455,True
2022-03-01,2022,3,MAR,Exportacao,2049,True
2022-04-01,2022,4,ABR,Exportacao,1986,True
2022-05-01,2022,5,MAI,Exportacao,2263,True
2022-06-01,2022,6,JUN,Exportacao,2204,True
2022-07-01,2022,7,JUL,Exportacao,2017,True
2022-08-01,2022,8,AGO,Exportacao,2335,True
2022-09-01,2022,9,SET,Exportacao,2487,True
2022-10-01,2022,10,OUT,Exportacao,3000,True
2022-11-01,2022,11,NOV,Exportacao,2466,True
2022-12-01,2022,12,DEZ,Exportacao,1815,True
2023-01-01,2023,1,JAN,Exportacao,1026,True
2023-02-01,2023,2,FEV,Exportacao,1650,True
2023-03-01,2023,3,MAR,Exportacao,1792,True
2023-04-01,2023,4,ABR,Exportacao,1001,True
2023-05-01,2023,5,MAI,Exportacao,1304,True
2023-06-01,2023,6,JUN,Exportacao,1389,True
2023-07-01,2023,7,JUL,Exportacao,1352,True
2023-08-01,2023,8,AGO,Exportacao,1434,True
2023-09-01,2023,9,SET,Exportacao,1519,True
2023-10-01,2023,10,OUT,Exportacao,1839,True
2023-11-01,2023,11,NOV,Exportacao,1555,True
2023-12-01,2023,12,DEZ,Exportacao,1085,True
2024-01-01,2024,1,JAN,Exportacao,625,True
2024-02-01,2024,2,FEV,Exportacao,1329,True
2024-03-01,2024,3,MAR,Exportacao,1368,True
2024-04-01,2024,4,ABR,Exportacao,1188,True
2024-05-01,2024,5,MAI,Exportacao,1288,True
2024-06-01,2024,6,JUN,Exportacao,1242,True
2024-07-01,2024,7,JUL,Exportacao,1496,True
2024-08-01,2024,8,AGO,Exportacao,1471,True
2024-09-01,2024,9,SET,Exportacao,1709,True
2024-10-01,2024,10,OUT,Exportacao,2148,True
2024-11-01,2024,11,NOV,Exportacao,1960,True
2024-12-01,2024,12,DEZ,Exportacao,2066,True
2025-01-01,2025,1,JAN,Exportacao,1019,True
2025-02-01,2025,2,FEV,Exportacao,2308,True
2025-03-01,2025,3,MAR,Exportacao,2620,True
2025-04-01,2025,4,ABR,Exportacao,2141,True
2025-05-01,2025,5,MAI,Exportacao,2831,True
2025-06-01,2025,6,JUN,Exportacao,2525,True
2025-07-01,2025,7,JUL,Exportacao,2759,True
2025-08-01,2025,8,AGO,Exportacao,2767,True
2025-09-01,2025,9,SET,Exportacao,2669,True
2025-10-01,2025,10,OUT,Exportacao,2345,True
2025-11-01,2025,11,NOV,Exportacao,2132,True
2025-12-01,2025,12,DEZ,Exportacao,868,True
2026-01-01,2026,1,JAN,Exportacao,1106,False
2026-02-01,2026,2,FEV,Exportacao,1169,False
2026-03-01,2026,3,MAR,Exportacao,2290,False
2026-04-01,2026,4,ABR,Exportacao,2088,False
2026-05-01,2026,5,MAI,Exportacao,2081,False
2026-06-01,2026,6,JUN,Exportacao,1932,False
2026-07-01,2026,7,JUL,Exportacao,2114,False
2026-08-01,2026,8,AGO,Exportacao,2197,False
1957-01-01,1957,1,JAN,Producao,981,True
1957-02-01,1957,2,FEV,Producao,1103,True
1957-03-01,1957,3,MAR,Producao,1290,True
1957-04-01,1957,4,ABR,Producao,1266,True
1957-05-01,1957,5,MAI,Producao,1439,True
1957-06-01,1957,6,JUN,Producao,1431,True
1957-07-01,1957,7,JUL,Producao,1541,True
1957-08-01,1957,8,AGO,Producao,1483,True
1957-09-01,1957,9,SET,Producao,1477,True
1957-10-01,1957,10,OUT,Producao,1501,True
1957-11-01,1957,11,NOV,Producao,1460,True
1957-12-01,1957,12,DEZ,Producao,1287,True
1958-01-01,1958,1,JAN,Producao,1659,True
1958-02-01,1958,2,FEV,Producao,1810,True
1958-03-01,1958,3,MAR,Producao,2138,True
1958-04-01,1958,4,ABR,Producao,2095,True
1958-05-01,1958,5,MAI,Producao,2373,True
1958-06-01,1958,6,JUN,Producao,2359,True
1958-07-01,1958,7,JUL,Producao,2534,True
1958-08-01,1958,8,AGO,Producao,2463,True
1958-09-01,1958,9,SET,Producao,2451,True
1958-10-01,1958,10,OUT,Producao,2505,True
1958-11-01,1958,11,NOV,Producao,2388,True
1958-12-01,1958,12,DEZ,Producao,2223,True
1959-01-01,1959,1,JAN,Producao,2330,True
1959-02-01,1959,2,FEV,Producao,2365,True
1959-03-01,1959,3,MAR,Producao,2833,True
1959-04-01,1959,4,ABR,Producao,2829,True
1959-05-01,1959,5,MAI,Producao,3198,True
1959-06-01,1959,6,JUN,Producao,3208,True
1959-07-01,1959,7,JUL,Producao,3401,True
1959-08-01,1959,8,AGO,Producao,3395,True
1959-09-01,1959,9,SET,Producao,3312,True
1959-10-01,1959,10,OUT,Producao,3401,True
1959-11-01,1959,11,NOV,Producao,3193,True
1959-12-01,1959,12,DEZ,Producao,3192,True
1960-01-01,1960,1,JAN,Producao,2427,True
1960-02-01,1960,2,FEV,Producao,2461,True
1960-03-01,1960,3,MAR,Producao,2937,True
1960-04-01,1960,4,ABR,Producao,2926,True
1960-05-01,1960,5,MAI,Producao,3297,True
1960-06-01,1960,6,JUN,Producao,3313,True
1960-07-01,1960,7,JUL,Producao,3502,True
1960-08-01,1960,8,AGO,Producao,3459,True
1960-09-01,1960,9,SET,Producao,3397,True
1960-10-01,1960,10,OUT,Producao,3508,True
1960-11-01,1960,11,NOV,Producao,3287,True
1960-12-01,1960,12,DEZ,Producao,3296,True
1961-01-01,1961,1,JAN,Producao,1728,True
1961-02-01,1961,2,FEV,Producao,1811,True
1961-03-01,1961,3,MAR,Producao,2150,True
1961-04-01,1961,4,ABR,Producao,2106,True
1961-05-01,1961,5,MAI,Producao,2381,True
1961-06-01,1961,6,JUN,Producao,2370,True
1961-07-01,1961,7,JUL,Producao,2522,True
1961-08-01,1961,8,AGO,Producao,2508,True
1961-09-01,1961,9,SET,Producao,2398,True
1961-10-01,1961,10,OUT,Producao,2379,True
1961-11-01,1961,11,NOV,Producao,2280,True
1961-12-01,1961,12,DEZ,Producao,2258,True
1962-01-01,1962,1,JAN,Producao,2272,True
1962-02-01,1962,2,FEV,Producao,2253,True
1962-03-01,1962,3,MAR,Producao,2719,True
1962-04-01,1962,4,ABR,Producao,2742,True
1962-05-01,1962,5,MAI,Producao,3189,True
1962-06-01,1962,6,JUN,Producao,3262,True
1962-07-01,1962,7,JUL,Producao,3412,True
1962-08-01,1962,8,AGO,Producao,3503,True
1962-09-01,1962,9,SET,Producao,3288,True
1962-10-01,1962,10,OUT,Producao,3320,True
1962-11-01,1962,11,NOV,Producao,3093,True
1962-12-01,1962,12,DEZ,Producao,3121,True
1963-01-01,1963,1,JAN,Producao,1307,True
1963-02-01,1963,2,FEV,Producao,1333,True
1963-03-01,1963,3,MAR,Producao,1665,True
1963-04-01,1963,4,ABR,Producao,1653,True
1963-05-01,1963,5,MAI,Producao,1878,True
1963-06-01,1963,6,JUN,Producao,1884,True
1963-07-01,1963,7,JUL,Producao,1994,True
1963-08-01,1963,8,AGO,Producao,1986,True
1963-09-01,1963,9,SET,Producao,1911,True
1963-10-01,1963,10,OUT,Producao,2083,True
1963-11-01,1963,11,NOV,Producao,1901,True
1963-12-01,1963,12,DEZ,Producao,1961,True
1964-01-01,1964,1,JAN,Producao,1402,True
1964-02-01,1964,2,FEV,Producao,1411,True
1964-03-01,1964,3,MAR,Producao,1708,True
1964-04-01,1964,4,ABR,Producao,1673,True
1964-05-01,1964,5,MAI,Producao,1882,True
1964-06-01,1964,6,JUN,Producao,1871,True
1964-07-01,1964,7,JUL,Producao,2027,True
1964-08-01,1964,8,AGO,Producao,1947,True
1964-09-01,1964,9,SET,Producao,1985,True
1964-10-01,1964,10,OUT,Producao,2078,True
1964-11-01,1964,11,NOV,Producao,1900,True
1964-12-01,1964,12,DEZ,Producao,1906,True
1965-01-01,1965,1,JAN,Producao,1522,True
1965-02-01,1965,2,FEV,Producao,1481,True
1965-03-01,1965,3,MAR,Producao,1763,True
1965-04-01,1965,4,ABR,Producao,1722,True
1965-05-01,1965,5,MAI,Producao,1873,True
1965-06-01,1965,6,JUN,Producao,1890,True
1965-07-01,1965,7,JUL,Producao,1961,True
1965-08-01,1965,8,AGO,Producao,1844,True
1965-09-01,1965,9,SET,Producao,1918,True
1965-10-01,1965,10,OUT,Producao,2015,True
1965-11-01,1965,11,NOV,Producao,1901,True
1965-12-01,1965,12,DEZ,Producao,1938,True
1966-01-01,1966,1,JAN,Producao,2083,True
1966-02-01,1966,2,FEV,Producao,2311,True
1966-03-01,1966,3,MAR,Producao,2732,True
1966-04-01,1966,4,ABR,Producao,2560,True
1966-05-01,1966,5,MAI,Producao,2875,True
1966-06-01,1966,6,JUN,Producao,2728,True
1966-07-01,1966,7,JUL,Producao,2953,True
1966-08-01,1966,8,AGO,Producao,3218,True
1966-09-01,1966,9,SET,Producao,2897,True
1966-10-01,1966,10,OUT,Producao,2272,True
1966-11-01,1966,11,NOV,Producao,2367,True
1966-12-01,1966,12,DEZ,Producao,2102,True
1967-01-01,1967,1,JAN,Producao,1925,True
1967-02-01,1967,2,FEV,Producao,1476,True
1967-03-01,1967,3,MAR,Producao,1498,True
1967-04-01,1967,4,ABR,Producao,1775,True
1967-05-01,1967,5,MAI,Producao,2138,True
1967-06-01,1967,6,JUN,Producao,2543,True
1967-07-01,1967,7,JUL,Producao,2292,True
1967-08-01,1967,8,AGO,Producao,2603,True
1967-09-01,1967,9,SET,Producao,2647,True
1967-10-01,1967,10,OUT,Producao,2999,True
1967-11-01,1967,11,NOV,Producao,2580,True
1967-12-01,1967,12,DEZ,Producao,2665,True
1968-01-01,1968,1,JAN,Producao,2430,True
1968-02-01,1968,2,FEV,Producao,2317,True
1968-03-01,1968,3,MAR,Producao,3252,True
1968-04-01,1968,4,ABR,Producao,3214,True
1968-05-01,1968,5,MAI,Producao,3505,True
1968-06-01,1968,6,JUN,Producao,3717,True
1968-07-01,1968,7,JUL,Producao,3743,True
1968-08-01,1968,8,AGO,Producao,3730,True
1968-09-01,1968,9,SET,Producao,3736,True
1968-10-01,1968,10,OUT,Producao,4143,True
1968-11-01,1968,11,NOV,Producao,3244,True
1968-12-01,1968,12,DEZ,Producao,3611,True
1969-01-01,1969,1,JAN,Producao,3458,True
1969-02-01,1969,2,FEV,Producao,3134,True
1969-03-01,1969,3,MAR,Producao,3592,True
1969-04-01,1969,4,ABR,Producao,3150,True
1969-05-01,1969,5,MAI,Producao,3740,True
1969-06-01,1969,6,JUN,Producao,4006,True
1969-07-01,1969,7,JUL,Producao,4040,True
1969-08-01,1969,8,AGO,Producao,3747,True
1969-09-01,1969,9,SET,Producao,3721,True
1969-10-01,1969,10,OUT,Producao,3412,True
1969-11-01,1969,11,NOV,Producao,2491,True
1969-12-01,1969,12,DEZ,Producao,2078,True
1970-01-01,1970,1,JAN,Producao,2370,True
1970-02-01,1970,2,FEV,Producao,2452,True
1970-03-01,1970,3,MAR,Producao,3178,True
1970-04-01,1970,4,ABR,Producao,3040,True
1970-05-01,1970,5,MAI,Producao,3030,True
1970-06-01,1970,6,JUN,Producao,3603,True
1970-07-01,1970,7,JUL,Producao,3904,True
1970-08-01,1970,8,AGO,Producao,3687,True
1970-09-01,1970,9,SET,Producao,3616,True
1970-10-01,1970,10,OUT,Producao,2859,True
1970-11-01,1970,11,NOV,Producao,3346,True
1970-12-01,1970,12,DEZ,Producao,3303,True
1971-01-01,1971,1,JAN,Producao,3207,True
1971-02-01,1971,2,FEV,Producao,2642,True
1971-03-01,1971,3,MAR,Producao,3510,True
1971-04-01,1971,4,ABR,Producao,3029,True
1971-05-01,1971,5,MAI,Producao,2831,True
1971-06-01,1971,6,JUN,Producao,3274,True
1971-07-01,1971,7,JUL,Producao,3433,True
1971-08-01,1971,8,AGO,Producao,4143,True
1971-09-01,1971,9,SET,Producao,2981,True
1971-10-01,1971,10,OUT,Producao,3544,True
1971-11-01,1971,11,NOV,Producao,3073,True
1971-12-01,1971,12,DEZ,Producao,3201,True
1972-01-01,1972,1,JAN,Producao,3285,True
1972-02-01,1972,2,FEV,Producao,3088,True
1972-03-01,1972,3,MAR,Producao,3837,True
1972-04-01,1972,4,ABR,Producao,3594,True
1972-05-01,1972,5,MAI,Producao,4606,True
1972-06-01,1972,6,JUN,Producao,4461,True
1972-07-01,1972,7,JUL,Producao,4052,True
1972-08-01,1972,8,AGO,Producao,4971,True
1972-09-01,1972,9,SET,Producao,4528,True
1972-10-01,1972,10,OUT,Producao,4805,True
1972-11-01,1972,11,NOV,Producao,4582,True
1972-12-01,1972,12,DEZ,Producao,4341,True
1973-01-01,1973,1,JAN,Producao,4662,True
1973-02-01,1973,2,FEV,Producao,4656,True
1973-03-01,1973,3,MAR,Producao,4745,True
1973-04-01,1973,4,ABR,Producao,4843,True
1973-05-01,1973,5,MAI,Producao,5888,True
1973-06-01,1973,6,JUN,Producao,5259,True
1973-07-01,1973,7,JUL,Producao,5435,True
1973-08-01,1973,8,AGO,Producao,5752,True
1973-09-01,1973,9,SET,Producao,5545,True
1973-10-01,1973,10,OUT,Producao,6245,True
1973-11-01,1973,11,NOV,Producao,6389,True
1973-12-01,1973,12,DEZ,Producao,5409,True
1974-01-01,1974,1,JAN,Producao,4800,True
1974-02-01,1974,2,FEV,Producao,4741,True
1974-03-01,1974,3,MAR,Producao,5975,True
1974-04-01,1974,4,ABR,Producao,6046,True
1974-05-01,1974,5,MAI,Producao,6383,True
1974-06-01,1974,6,JUN,Producao,5867,True
1974-07-01,1974,7,JUL,Producao,6575,True
1974-08-01,1974,8,AGO,Producao,7588,True
1974-09-01,1974,9,SET,Producao,7514,True
1974-10-01,1974,10,OUT,Producao,7704,True
1974-11-01,1974,11,NOV,Producao,6781,True
1974-12-01,1974,12,DEZ,Producao,5175,True
1975-01-01,1975,1,JAN,Producao,5563,True
1975-02-01,1975,2,FEV,Producao,5702,True
1975-03-01,1975,3,MAR,Producao,6572,True
1975-04-01,1975,4,ABR,Producao,7081,True
1975-05-01,1975,5,MAI,Producao,6468,True
1975-06-01,1975,6,JUN,Producao,6449,True
1975-07-01,1975,7,JUL,Producao,6634,True
1975-08-01,1975,8,AGO,Producao,6160,True
1975-09-01,1975,9,SET,Producao,6772,True
1975-10-01,1975,10,OUT,Producao,6718,True
1975-11-01,1975,11,NOV,Producao,5726,True
1975-12-01,1975,12,DEZ,Producao,5046,True
1976-01-01,1976,1,JAN,Producao,5749,True
1976-02-01,1976,2,FEV,Producao,5347,True
1976-03-01,1976,3,MAR,Producao,6326,True
1976-04-01,1976,4,ABR,Producao,5697,True
1976-05-01,1976,5,MAI,Producao,6155,True
1976-06-01,1976,6,JUN,Producao,6300,True
1976-07-01,1976,7,JUL,Producao,7180,True
1976-08-01,1976,8,AGO,Producao,7474,True
1976-09-01,1976,9,SET,Producao,8065,True
1976-10-01,1976,10,OUT,Producao,8090,True
1976-11-01,1976,11,NOV,Producao,7226,True
1976-12-01,1976,12,DEZ,Producao,7276,True
1977-01-01,1977,1,JAN,Producao,7142,True
1977-02-01,1977,2,FEV,Producao,7467,True
1977-03-01,1977,3,MAR,Producao,8717,True
1977-04-01,1977,4,ABR,Producao,7412,True
1977-05-01,1977,5,MAI,Producao,9626,True
1977-06-01,1977,6,JUN,Producao,9463,True
1977-07-01,1977,7,JUL,Producao,8734,True
1977-08-01,1977,8,AGO,Producao,10344,True
1977-09-01,1977,9,SET,Producao,8648,True
1977-10-01,1977,10,OUT,Producao,8498,True
1977-11-01,1977,11,NOV,Producao,7742,True
1977-12-01,1977,12,DEZ,Producao,5734,True
1978-01-01,1978,1,JAN,Producao,6277,True
1978-02-01,1978,2,FEV,Producao,6686,True
1978-03-01,1978,3,MAR,Producao,6999,True
1978-04-01,1978,4,ABR,Producao,6336,True
1978-05-01,1978,5,MAI,Producao,7037,True
1978-06-01,1978,6,JUN,Producao,7767,True
1978-07-01,1978,7,JUL,Producao,7029,True
1978-08-01,1978,8,AGO,Producao,7927,True
1978-09-01,1978,9,SET,Producao,6663,True
1978-10-01,1978,10,OUT,Producao,6983,True
1978-11-01,1978,11,NOV,Producao,6470,True
1978-12-01,1978,12,DEZ,Producao,7475,True
1979-01-01,1979,1,JAN,Producao,7347,True
1979-02-01,1979,2,FEV,Producao,6121,True
1979-03-01,1979,3,MAR,Producao,5109,True
1979-04-01,1979,4,ABR,Producao,7140,True
1979-05-01,1979,5,MAI,Producao,7654,True
1979-06-01,1979,6,JUN,Producao,7664,True
1979-07-01,1979,7,JUL,Producao,8348,True
1979-08-01,1979,8,AGO,Producao,9158,True
1979-09-01,1979,9,SET,Producao,7601,True
1979-10-01,1979,10,OUT,Producao,8519,True
1979-11-01,1979,11,NOV,Producao,7845,True
1979-12-01,1979,12,DEZ,Producao,7453,True
1980-01-01,1980,1,JAN,Producao,7999,True
1980-02-01,1980,2,FEV,Producao,7420,True
1980-03-01,1980,3,MAR,Producao,8515,True
1980-04-01,1980,4,ABR,Producao,2069,True
1980-05-01,1980,5,MAI,Producao,6982,True
1980-06-01,1980,6,JUN,Producao,8309,True
1980-07-01,1980,7,JUL,Producao,9552,True
1980-08-01,1980,8,AGO,Producao,9429,True
1980-09-01,1980,9,SET,Producao,9454,True
1980-10-01,1980,10,OUT,Producao,10201,True
1980-11-01,1980,11,NOV,Producao,9636,True
1980-12-01,1980,12,DEZ,Producao,7897,True
1981-01-01,1981,1,JAN,Producao,8720,True
1981-02-01,1981,2,FEV,Producao,9042,True
1981-03-01,1981,3,MAR,Producao,8737,True
1981-04-01,1981,4,ABR,Producao,6939,True
1981-05-01,1981,5,MAI,Producao,7924,True
1981-06-01,1981,6,JUN,Producao,7879,True
1981-07-01,1981,7,JUL,Producao,7590,True
1981-08-01,1981,8,AGO,Producao,3201,True
1981-09-01,1981,9,SET,Producao,1539,True
1981-10-01,1981,10,OUT,Producao,2990,True
1981-11-01,1981,11,NOV,Producao,2832,True
1981-12-01,1981,12,DEZ,Producao,1919,True
1982-01-01,1982,1,JAN,Producao,2331,True
1982-02-01,1982,2,FEV,Producao,3386,True
1982-03-01,1982,3,MAR,Producao,4438,True
1982-04-01,1982,4,ABR,Producao,4292,True
1982-05-01,1982,5,MAI,Producao,4058,True
1982-06-01,1982,6,JUN,Producao,4394,True
1982-07-01,1982,7,JUL,Producao,4486,True
1982-08-01,1982,8,AGO,Producao,4227,True
1982-09-01,1982,9,SET,Producao,3729,True
1982-10-01,1982,10,OUT,Producao,3473,True
1982-11-01,1982,11,NOV,Producao,2904,True
1982-12-01,1982,12,DEZ,Producao,2282,True
1983-01-01,1983,1,JAN,Producao,1018,True
1983-02-01,1983,2,FEV,Producao,2599,True
1983-03-01,1983,3,MAR,Producao,3408,True
1983-04-01,1983,4,ABR,Producao,2786,True
1983-05-01,1983,5,MAI,Producao,3695,True
1983-06-01,1983,6,JUN,Producao,3405,True
1983-07-01,1983,7,JUL,Producao,2616,True
1983-08-01,1983,8,AGO,Producao,2984,True
1983-09-01,1983,9,SET,Producao,2341,True
1983-10-01,1983,10,OUT,Producao,2958,True
1983-11-01,1983,11,NOV,Producao,2529,True
1983-12-01,1983,12,DEZ,Producao,2896,True
1984-01-01,1984,1,JAN,Producao,3126,True
1984-02-01,1984,2,FEV,Producao,3025,True
1984-03-01,1984,3,MAR,Producao,3495,True
1984-04-01,1984,4,ABR,Producao,3186,True
1984-05-01,1984,5,MAI,Producao,4252,True
1984-06-01,1984,6,JUN,Producao,3885,True
1984-07-01,1984,7,JUL,Producao,3313,True
1984-08-01,1984,8,AGO,Producao,4167,True
1984-09-01,1984,9,SET,Producao,3576,True
1984-10-01,1984,10,OUT,Producao,3971,True
1984-11-01,1984,11,NOV,Producao,3803,True
1984-12-01,1984,12,DEZ,Producao,3318,True
1985-01-01,1985,1,JAN,Producao,4664,True
1985-02-01,1985,2,FEV,Producao,3375,True
1985-03-01,1985,3,MAR,Producao,4489,True
1985-04-01,1985,4,ABR,Producao,2849,True
1985-05-01,1985,5,MAI,Producao,3207,True
1985-06-01,1985,6,JUN,Producao,4490,True
1985-07-01,1985,7,JUL,Producao,6670,True
1985-08-01,1985,8,AGO,Producao,6097,True
1985-09-01,1985,9,SET,Producao,6145,True
1985-10-01,1985,10,OUT,Producao,6902,True
1985-11-01,1985,11,NOV,Producao,6177,True
1985-12-01,1985,12,DEZ,Producao,5201,True
1986-01-01,1986,1,JAN,Producao,6614,True
1986-02-01,1986,2,FEV,Producao,6241,True
1986-03-01,1986,3,MAR,Producao,6606,True
1986-04-01,1986,4,ABR,Producao,7084,True
1986-05-01,1986,5,MAI,Producao,6820,True
1986-06-01,1986,6,JUN,Producao,6920,True
1986-07-01,1986,7,JUL,Producao,7006,True
1986-08-01,1986,8,AGO,Producao,6436,True
1986-09-01,1986,9,SET,Producao,7388,True
1986-10-01,1986,10,OUT,Producao,6646,True
1986-11-01,1986,11,NOV,Producao,5838,True
1986-12-01,1986,12,DEZ,Producao,5035,True
1987-01-01,1987,1,JAN,Producao,5223,True
1987-02-01,1987,2,FEV,Producao,4797,True
1987-03-01,1987,3,MAR,Producao,5543,True
1987-04-01,1987,4,ABR,Producao,5725,True
1987-05-01,1987,5,MAI,Producao,6027,True
1987-06-01,1987,6,JUN,Producao,5938,True
1987-07-01,1987,7,JUL,Producao,6152,True
1987-08-01,1987,8,AGO,Producao,4857,True
1987-09-01,1987,9,SET,Producao,6097,True
1987-10-01,1987,10,OUT,Producao,6234,True
1987-11-01,1987,11,NOV,Producao,5971,True
1987-12-01,1987,12,DEZ,Producao,5371,True
1988-01-01,1988,1,JAN,Producao,5499,True
1988-02-01,1988,2,FEV,Producao,6130,True
1988-03-01,1988,3,MAR,Producao,7196,True
1988-04-01,1988,4,ABR,Producao,6004,True
1988-05-01,1988,5,MAI,Producao,5737,True
1988-06-01,1988,6,JUN,Producao,6795,True
1988-07-01,1988,7,JUL,Producao,6415,True
1988-08-01,1988,8,AGO,Producao,6108,True
1988-09-01,1988,9,SET,Producao,4441,True
1988-10-01,1988,10,OUT,Producao,5145,True
1988-11-01,1988,11,NOV,Producao,5298,True
1988-12-01,1988,12,DEZ,Producao,4112,True
1989-01-01,1989,1,JAN,Producao,4832,True
1989-02-01,1989,2,FEV,Producao,4448,True
1989-03-01,1989,3,MAR,Producao,2916,True
1989-04-01,1989,4,ABR,Producao,2900,True
1989-05-01,1989,5,MAI,Producao,4044,True
1989-06-01,1989,6,JUN,Producao,5261,True
1989-07-01,1989,7,JUL,Producao,5251,True
1989-08-01,1989,8,AGO,Producao,5995,True
1989-09-01,1989,9,SET,Producao,5625,True
1989-10-01,1989,10,OUT,Producao,5290,True
1989-11-01,1989,11,NOV,Producao,4987,True
1989-12-01,1989,12,DEZ,Producao,5464,True
1990-01-01,1990,1,JAN,Producao,4515,True
1990-02-01,1990,2,FEV,Producao,4981,True
1990-03-01,1990,3,MAR,Producao,4267,True
1990-04-01,1990,4,ABR,Producao,928,True
1990-05-01,1990,5,MAI,Producao,3783,True
1990-06-01,1990,6,JUN,Producao,2741,True
1990-07-01,1990,7,JUL,Producao,2838,True
1990-08-01,1990,8,AGO,Producao,4634,True
1990-09-01,1990,9,SET,Producao,4708,True
1990-10-01,1990,10,OUT,Producao,5176,True
1990-11-01,1990,11,NOV,Producao,5045,True
1990-12-01,1990,12,DEZ,Producao,4603,True
1991-01-01,1991,1,JAN,Producao,4250,True
1991-02-01,1991,2,FEV,Producao,3261,True
1991-03-01,1991,3,MAR,Producao,2949,True
1991-04-01,1991,4,ABR,Producao,2685,True
1991-05-01,1991,5,MAI,Producao,3128,True
1991-06-01,1991,6,JUN,Producao,4603,True
1991-07-01,1991,7,JUL,Producao,4855,True
1991-08-01,1991,8,AGO,Producao,5398,True
1991-09-01,1991,9,SET,Producao,4633,True
1991-10-01,1991,10,OUT,Producao,5095,True
1991-11-01,1991,11,NOV,Producao,3730,True
1991-12-01,1991,12,DEZ,Producao,2128,True
1992-01-01,1992,1,JAN,Producao,1433,True
1992-02-01,1992,2,FEV,Producao,1647,True
1992-03-01,1992,3,MAR,Producao,2347,True
1992-04-01,1992,4,ABR,Producao,2467,True
1992-05-01,1992,5,MAI,Producao,2286,True
1992-06-01,1992,6,JUN,Producao,3382,True
1992-07-01,1992,7,JUL,Producao,3530,True
1992-08-01,1992,8,AGO,Producao,3138,True
1992-09-01,1992,9,SET,Producao,3314,True
1992-10-01,1992,10,OUT,Producao,3417,True
1992-11-01,1992,11,NOV,Producao,2606,True
1992-12-01,1992,12,DEZ,Producao,1393,True
1993-01-01,1993,1,JAN,Producao,2208,True
1993-02-01,1993,2,FEV,Producao,1904,True
1993-03-01,1993,3,MAR,Producao,3674,True
1993-04-01,1993,4,ABR,Producao,3479,True
1993-05-01,1993,5,MAI,Producao,3765,True
1993-06-01,1993,6,JUN,Producao,3874,True
1993-07-01,1993,7,JUL,Producao,3764,True
1993-08-01,1993,8,AGO,Producao,4529,True
1993-09-01,1993,9,SET,Producao,4940,True
1993-10-01,1993,10,OUT,Producao,4800,True
1993-11-01,1993,11,NOV,Producao,4799,True
1993-12-01,1993,12,DEZ,Producao,3646,True
1994-01-01,1994,1,JAN,Producao,3285,True
1994-02-01,1994,2,FEV,Producao,3350,True
1994-03-01,1994,3,MAR,Producao,4674,True
1994-04-01,1994,4,ABR,Producao,3586,True
1994-05-01,1994,5,MAI,Producao,5701,True
1994-06-01,1994,6,JUN,Producao,5383,True
1994-07-01,1994,7,JUL,Producao,5742,True
1994-08-01,1994,8,AGO,Producao,6047,True
1994-09-01,1994,9,SET,Producao,4696,True
1994-10-01,1994,10,OUT,Producao,6011,True
1994-11-01,1994,11,NOV,Producao,6272,True
1994-12-01,1994,12,DEZ,Producao,5272,True
1995-01-01,1995,1,JAN,Producao,5166,True
1995-02-01,1995,2,FEV,Producao,5853,True
1995-03-01,1995,3,MAR,Producao,7117,True
1995-04-01,1995,4,ABR,Producao,6410,True
1995-05-01,1995,5,MAI,Producao,6722,True
1995-06-01,1995,6,JUN,Producao,8034,True
1995-07-01,1995,7,JUL,Producao,7104,True
1995-08-01,1995,8,AGO,Producao,6566,True
1995-09-01,1995,9,SET,Producao,3892,True
1995-10-01,1995,10,OUT,Producao,5901,True
1995-11-01,1995,11,NOV,Producao,5215,True
1995-12-01,1995,12,DEZ,Producao,2093,True
1996-01-01,1996,1,JAN,Producao,3552,True
1996-02-01,1996,2,FEV,Producao,4434,True
1996-03-01,1996,3,MAR,Producao,4355,True
1996-04-01,1996,4,ABR,Producao,4991,True
1996-05-01,1996,5,MAI,Producao,3835,True
1996-06-01,1996,6,JUN,Producao,3480,True
1996-07-01,1996,7,JUL,Producao,3568,True
1996-08-01,1996,8,AGO,Producao,4099,True
1996-09-01,1996,9,SET,Producao,3389,True
1996-10-01,1996,10,OUT,Producao,4978,True
1996-11-01,1996,11,NOV,Producao,4014,True
1996-12-01,1996,12,DEZ,Producao,3327,True
1997-01-01,1997,1,JAN,Producao,3552,True
1997-02-01,1997,2,FEV,Producao,3940,True
1997-03-01,1997,3,MAR,Producao,4283,True
1997-04-01,1997,4,ABR,Producao,4779,True
1997-05-01,1997,5,MAI,Producao,4741,True
1997-06-01,1997,6,JUN,Producao,5382,True
1997-07-01,1997,7,JUL,Producao,6198,True
1997-08-01,1997,8,AGO,Producao,5810,True
1997-09-01,1997,9,SET,Producao,6819,True
1997-10-01,1997,10,OUT,Producao,7629,True
1997-11-01,1997,11,NOV,Producao,6524,True
1997-12-01,1997,12,DEZ,Producao,3757,True
1998-01-01,1998,1,JAN,Producao,4658,True
1998-02-01,1998,2,FEV,Producao,4480,True
1998-03-01,1998,3,MAR,Producao,5406,True
1998-04-01,1998,4,ABR,Producao,5920,True
1998-05-01,1998,5,MAI,Producao,6671,True
1998-06-01,1998,6,JUN,Producao,6370,True
1998-07-01,1998,7,JUL,Producao,6550,True
1998-08-01,1998,8,AGO,Producao,5906,True
1998-09-01,1998,9,SET,Producao,5974,True
1998-10-01,1998,10,OUT,Producao,5193,True
1998-11-01,1998,11,NOV,Producao,4281,True
1998-12-01,1998,12,DEZ,Producao,1855,True
1999-01-01,1999,1,JAN,Producao,4463,True
1999-02-01,1999,2,FEV,Producao,4234,True
1999-03-01,1999,3,MAR,Producao,4862,True
1999-04-01,1999,4,ABR,Producao,4165,True
1999-05-01,1999,5,MAI,Producao,4752,True
1999-06-01,1999,6,JUN,Producao,5107,True
1999-07-01,1999,7,JUL,Producao,4437,True
1999-08-01,1999,8,AGO,Producao,4735,True
1999-09-01,1999,9,SET,Producao,4658,True
1999-10-01,1999,10,OUT,Producao,4689,True
1999-11-01,1999,11,NOV,Producao,5485,True
1999-12-01,1999,12,DEZ,Producao,3607,True
2000-01-01,2000,1,JAN,Producao,3413,True
2000-02-01,2000,2,FEV,Producao,5078,True
2000-03-01,2000,3,MAR,Producao,5635,True
2000-04-01,2000,4,ABR,Producao,5612,True
2000-05-01,2000,5,MAI,Producao,6784,True
2000-06-01,2000,6,JUN,Producao,6339,True
2000-07-01,2000,7,JUL,Producao,6462,True
2000-08-01,2000,8,AGO,Producao,7657,True
2000-09-01,2000,9,SET,Producao,7081,True
2000-10-01,2000,10,OUT,Producao,7054,True
2000-11-01,2000,11,NOV,Producao,5654,True
2000-12-01,2000,12,DEZ,Producao,4345,True
2001-01-01,2001,1,JAN,Producao,5544,True
2001-02-01,2001,2,FEV,Producao,5921,True
2001-03-01,2001,3,MAR,Producao,7941,True
2001-04-01,2001,4,ABR,Producao,6575,True
2001-05-01,2001,5,MAI,Producao,8059,True
2001-06-01,2001,6,JUN,Producao,7155,True
2001-07-01,2001,7,JUL,Producao,6903,True
2001-08-01,2001,8,AGO,Producao,7123,True
2001-09-01,2001,9,SET,Producao,5975,True
2001-10-01,2001,10,OUT,Producao,6469,True
2001-11-01,2001,11,NOV,Producao,5820,True
2001-12-01,2001,12,DEZ,Producao,3766,True
2002-01-01,2002,1,JAN,Producao,4826,True
2002-02-01,2002,2,FEV,Producao,5345,True
2002-03-01,2002,3,MAR,Producao,6350,True
2002-04-01,2002,4,ABR,Producao,6792,True
2002-05-01,2002,5,MAI,Producao,6443,True
2002-06-01,2002,6,JUN,Producao,5536,True
2002-07-01,2002,7,JUL,Producao,5938,True
2002-08-01,2002,8,AGO,Producao,5581,True
2002-09-01,2002,9,SET,Producao,5353,True
2002-10-01,2002,10,OUT,Producao,5856,True
2002-11-01,2002,11,NOV,Producao,6262,True
2002-12-01,2002,12,DEZ,Producao,4072,True
2003-01-01,2003,1,JAN,Producao,6266,True
2003-02-01,2003,2,FEV,Producao,6838,True
2003-03-01,2003,3,MAR,Producao,6763,True
2003-04-01,2003,4,ABR,Producao,6111,True
2003-05-01,2003,5,MAI,Producao,6320,True
2003-06-01,2003,6,JUN,Producao,5874,True
2003-07-01,2003,7,JUL,Producao,6228,True
2003-08-01,2003,8,AGO,Producao,6531,True
2003-09-01,2003,9,SET,Producao,6518,True
2003-10-01,2003,10,OUT,Producao,6932,True
2003-11-01,2003,11,NOV,Producao,7916,True
2003-12-01,2003,12,DEZ,Producao,5488,True
2004-01-01,2004,1,JAN,Producao,6245,True
2004-02-01,2004,2,FEV,Producao,7181,True
2004-03-01,2004,3,MAR,Producao,9212,True
2004-04-01,2004,4,ABR,Producao,8611,True
2004-05-01,2004,5,MAI,Producao,9116,True
2004-06-01,2004,6,JUN,Producao,8928,True
2004-07-01,2004,7,JUL,Producao,9351,True
2004-08-01,2004,8,AGO,Producao,9686,True
2004-09-01,2004,9,SET,Producao,9698,True
2004-10-01,2004,10,OUT,Producao,9110,True
2004-11-01,2004,11,NOV,Producao,9557,True
2004-12-01,2004,12,DEZ,Producao,8097,True
2005-01-01,2005,1,JAN,Producao,8019,True
2005-02-01,2005,2,FEV,Producao,8116,True
2005-03-01,2005,3,MAR,Producao,10200,True
2005-04-01,2005,4,ABR,Producao,9755,True
2005-05-01,2005,5,MAI,Producao,9888,True
2005-06-01,2005,6,JUN,Producao,10480,True
2005-07-01,2005,7,JUL,Producao,8409,True
2005-08-01,2005,8,AGO,Producao,9613,True
2005-09-01,2005,9,SET,Producao,10963,True
2005-10-01,2005,10,OUT,Producao,9931,True
2005-11-01,2005,11,NOV,Producao,10089,True
2005-12-01,2005,12,DEZ,Producao,7458,True
2006-01-01,2006,1,JAN,Producao,6052,True
2006-02-01,2006,2,FEV,Producao,7701,True
2006-03-01,2006,3,MAR,Producao,9893,True
2006-04-01,2006,4,ABR,Producao,7744,True
2006-05-01,2006,5,MAI,Producao,9729,True
2006-06-01,2006,6,JUN,Producao,8699,True
2006-07-01,2006,7,JUL,Producao,9066,True
2006-08-01,2006,8,AGO,Producao,9635,True
2006-09-01,2006,9,SET,Producao,8913,True
2006-10-01,2006,10,OUT,Producao,9014,True
2006-11-01,2006,11,NOV,Producao,9194,True
2006-12-01,2006,12,DEZ,Producao,7657,True
2007-01-01,2007,1,JAN,Producao,6945,True
2007-02-01,2007,2,FEV,Producao,8716,True
2007-03-01,2007,3,MAR,Producao,11148,True
2007-04-01,2007,4,ABR,Producao,10157,True
2007-05-01,2007,5,MAI,Producao,11804,True
2007-06-01,2007,6,JUN,Producao,11686,True
2007-07-01,2007,7,JUL,Producao,11975,True
2007-08-01,2007,8,AGO,Producao,13079,True
2007-09-01,2007,9,SET,Producao,11956,True
2007-10-01,2007,10,OUT,Producao,14168,True
2007-11-01,2007,11,NOV,Producao,13014,True
2007-12-01,2007,12,DEZ,Producao,9091,True
2008-01-01,2008,1,JAN,Producao,10391,True
2008-02-01,2008,2,FEV,Producao,12288,True
2008-03-01,2008,3,MAR,Producao,13671,True
2008-04-01,2008,4,ABR,Producao,13516,True
2008-05-01,2008,5,MAI,Producao,12954,True
2008-06-01,2008,6,JUN,Producao,14691,True
2008-07-01,2008,7,JUL,Producao,15547,True
2008-08-01,2008,8,AGO,Producao,16233,True
2008-09-01,2008,9,SET,Producao,16268,True
2008-10-01,2008,10,OUT,Producao,17690,True
2008-11-01,2008,11,NOV,Producao,14687,True
2008-12-01,2008,12,DEZ,Producao,5821,True
2009-01-01,2009,1,JAN,Producao,7224,True
2009-02-01,2009,2,FEV,Producao,7163,True
2009-03-01,2009,3,MAR,Producao,9375,True
2009-04-01,2009,4,ABR,Producao,9374,True
2009-05-01,2009,5,MAI,Producao,9356,True
2009-06-01,2009,6,JUN,Producao,9394,True
2009-07-01,2009,7,JUL,Producao,9507,True
2009-08-01,2009,8,AGO,Producao,9344,True
2009-09-01,2009,9,SET,Producao,11477,True
2009-10-01,2009,10,OUT,Producao,12787,True
2009-11-01,2009,11,NOV,Producao,13805,True
2009-12-01,2009,12,DEZ,Producao,12188,True
2010-01-01,2010,1,JAN,Producao,11411,True
2010-02-01,2010,2,FEV,Producao,13302,True
2010-03-01,2010,3,MAR,Producao,16734,True
2010-04-01,2010,4,ABR,Producao,15498,True
2010-05-01,2010,5,MAI,Producao,15600,True
2010-06-01,2010,6,JUN,Producao,16107,True
2010-07-01,2010,7,JUL,Producao,17479,True
2010-08-01,2010,8,AGO,Producao,18300,True
2010-09-01,2010,9,SET,Producao,16485,True
2010-10-01,2010,10,OUT,Producao,16082,True
2010-11-01,2010,11,NOV,Producao,17395,True
2010-12-01,2010,12,DEZ,Producao,15540,True
2011-01-01,2011,1,JAN,Producao,13782,True
2011-02-01,2011,2,FEV,Producao,17723,True
2011-03-01,2011,3,MAR,Producao,16836,True
2011-04-01,2011,4,ABR,Producao,16343,True
2011-05-01,2011,5,MAI,Producao,20283,True
2011-06-01,2011,6,JUN,Producao,19754,True
2011-07-01,2011,7,JUL,Producao,19914,True
2011-08-01,2011,8,AGO,Producao,22647,True
2011-09-01,2011,9,SET,Producao,18544,True
2011-10-01,2011,10,OUT,Producao,19770,True
2011-11-01,2011,11,NOV,Producao,19410,True
2011-12-01,2011,12,DEZ,Producao,18596,True
2012-01-01,2012,1,JAN,Producao,3535,True
2012-02-01,2012,2,FEV,Producao,12209,True
2012-03-01,2012,3,MAR,Producao,15528,True
2012-04-01,2012,4,ABR,Producao,11128,True
2012-05-01,2012,5,MAI,Producao,11689,True
2012-06-01,2012,6,JUN,Producao,8818,True
2012-07-01,2012,7,JUL,Producao,12460,True
2012-08-01,2012,8,AGO,Producao,12896,True
2012-09-01,2012,9,SET,Producao,11053,True
2012-10-01,2012,10,OUT,Producao,13111,True
2012-11-01,2012,11,NOV,Producao,12070,True
2012-12-01,2012,12,DEZ,Producao,8906,True
2013-01-01,2013,1,JAN,Producao,12622,True
2013-02-01,2013,2,FEV,Producao,13664,True
2013-03-01,2013,3,MAR,Producao,16533,True
2013-04-01,2013,4,ABR,Producao,18034,True
2013-05-01,2013,5,MAI,Producao,16378,True
2013-06-01,2013,6,JUN,Producao,16136,True
2013-07-01,2013,7,JUL,Producao,16623,True
2013-08-01,2013,8,AGO,Producao,19059,True
2013-09-01,2013,9,SET,Producao,17151,True
2013-10-01,2013,10,OUT,Producao,18498,True
2013-11-01,2013,11,NOV,Producao,14726,True
2013-12-01,2013,12,DEZ,Producao,7578,True
2014-01-01,2014,1,JAN,Producao,13776,True
2014-02-01,2014,2,FEV,Producao,15174,True
2014-03-01,2014,3,MAR,Producao,13844,True
2014-04-01,2014,4,ABR,Producao,12314,True
2014-05-01,2014,5,MAI,Producao,12695,True
2014-06-01,2014,6,JUN,Producao,8190,True
2014-07-01,2014,7,JUL,Producao,12322,True
2014-08-01,2014,8,AGO,Producao,11988,True
2014-09-01,2014,9,SET,Producao,11786,True
2014-10-01,2014,10,OUT,Producao,12394,True
2014-11-01,2014,11,NOV,Producao,11778,True
2014-12-01,2014,12,DEZ,Producao,3704,True
2015-01-01,2015,1,JAN,Producao,8291,True
2015-02-01,2015,2,FEV,Producao,7648,True
2015-03-01,2015,3,MAR,Producao,7374,True
2015-04-01,2015,4,ABR,Producao,6864,True
2015-05-01,2015,5,MAI,Producao,6169,True
2015-06-01,2015,6,JUN,Producao,5284,True
2015-07-01,2015,7,JUL,Producao,6599,True
2015-08-01,2015,8,AGO,Producao,5283,True
2015-09-01,2015,9,SET,Producao,5819,True
2015-10-01,2015,10,OUT,Producao,6799,True
2015-11-01,2015,11,NOV,Producao,5350,True
2015-12-01,2015,12,DEZ,Producao,2582,True
2016-01-01,2016,1,JAN,Producao,4158,True
2016-02-01,2016,2,FEV,Producao,5317,True
2016-03-01,2016,3,MAR,Producao,5661,True
2016-04-01,2016,4,ABR,Producao,5197,True
2016-05-01,2016,5,MAI,Producao,5332,True
2016-06-01,2016,6,JUN,Producao,5570,True
2016-07-01,2016,7,JUL,Producao,5091,True
2016-08-01,2016,8,AGO,Producao,5211,True
2016-09-01,2016,9,SET,Producao,4846,True
2016-10-01,2016,10,OUT,Producao,4635,True
2016-11-01,2016,11,NOV,Producao,5362,True
2016-12-01,2016,12,DEZ,Producao,4102,True
2017-01-01,2017,1,JAN,Producao,4482,True
2017-02-01,2017,2,FEV,Producao,5314,True
2017-03-01,2017,3,MAR,Producao,5952,True
2017-04-01,2017,4,ABR,Producao,5900,True
2017-05-01,2017,5,MAI,Producao,7576,True
2017-06-01,2017,6,JUN,Producao,6797,True
2017-07-01,2017,7,JUL,Producao,7093,True
2017-08-01,2017,8,AGO,Producao,8488,True
2017-09-01,2017,9,SET,Producao,7599,True
2017-10-01,2017,10,OUT,Producao,8241,True
2017-11-01,2017,11,NOV,Producao,8166,True
2017-12-01,2017,12,DEZ,Producao,7436,True
2018-01-01,2018,1,JAN,Producao,6707,True
2018-02-01,2018,2,FEV,Producao,7780,True
2018-03-01,2018,3,MAR,Producao,9947,True
2018-04-01,2018,4,ABR,Producao,9095,True
2018-05-01,2018,5,MAI,Producao,7423,True
2018-06-01,2018,6,JUN,Producao,8635,True
2018-07-01,2018,7,JUL,Producao,8855,True
2018-08-01,2018,8,AGO,Producao,9697,True
2018-09-01,2018,9,SET,Producao,9115,True
2018-10-01,2018,10,OUT,Producao,10858,True
2018-11-01,2018,11,NOV,Producao,10043,True
2018-12-01,2018,12,DEZ,Producao,7379,True
2019-01-01,2019,1,JAN,Producao,6811,True
2019-02-01,2019,2,FEV,Producao,9631,True
2019-03-01,2019,3,MAR,Producao,8319,True
2019-04-01,2019,4,ABR,Producao,9412,True
2019-05-01,2019,5,MAI,Producao,11230,True
2019-06-01,2019,6,JUN,Producao,9993,True
2019-07-01,2019,7,JUL,Producao,10918,True
2019-08-01,2019,8,AGO,Producao,10732,True
2019-09-01,2019,9,SET,Producao,10406,True
2019-10-01,2019,10,OUT,Producao,11286,True
2019-11-01,2019,11,NOV,Producao,8764,True
2019-12-01,2019,12,DEZ,Producao,5974,True
2020-01-01,2020,1,JAN,Producao,7169,True
2020-02-01,2020,2,FEV,Producao,9131,True
2020-03-01,2020,3,MAR,Producao,8406,True
2020-04-01,2020,4,ABR,Producao,403,True
2020-05-01,2020,5,MAI,Producao,4054,True
2020-06-01,2020,6,JUN,Producao,5575,True
2020-07-01,2020,7,JUL,Producao,6820,True
2020-08-01,2020,8,AGO,Producao,7087,True
2020-09-01,2020,9,SET,Producao,9430,True
2020-10-01,2020,10,OUT,Producao,10902,True
2020-11-01,2020,11,NOV,Producao,11474,True
2020-12-01,2020,12,DEZ,Producao,10485,True
2021-01-01,2021,1,JAN,Producao,8805,True
2021-02-01,2021,2,FEV,Producao,11805,True
2021-03-01,2021,3,MAR,Producao,12472,True
2021-04-01,2021,4,ABR,Producao,13093,True
2021-05-01,2021,5,MAI,Producao,13908,True
2021-06-01,2021,6,JUN,Producao,14639,True
2021-07-01,2021,7,JUL,Producao,14801,True
2021-08-01,2021,8,AGO,Producao,14963,True
2021-09-01,2021,9,SET,Producao,13816,True
2021-10-01,2021,10,OUT,Producao,13733,True
2021-11-01,2021,11,NOV,Producao,14380,True
2021-12-01,2021,12,DEZ,Producao,12395,True
2022-01-01,2022,1,JAN,Producao,9463,True
2022-02-01,2022,2,FEV,Producao,11389,True
2022-03-01,2022,3,MAR,Producao,13531,True
2022-04-01,2022,4,ABR,Producao,10072,True
2022-05-01,2022,5,MAI,Producao,13947,True
2022-06-01,2022,6,JUN,Producao,13370,True
2022-07-01,2022,7,JUL,Producao,12724,True
2022-08-01,2022,8,AGO,Producao,17223,True
2022-09-01,2022,9,SET,Producao,14956,True
2022-10-01,2022,10,OUT,Producao,15582,True
2022-11-01,2022,11,NOV,Producao,15121,True
2022-12-01,2022,12,DEZ,Producao,14614,True
2023-01-01,2023,1,JAN,Producao,4049,True
2023-02-01,2023,2,FEV,Producao,8123,True
2023-03-01,2023,3,MAR,Producao,12325,True
2023-04-01,2023,4,ABR,Producao,7255,True
2023-05-01,2023,5,MAI,Producao,8392,True
2023-06-01,2023,6,JUN,Producao,7029,True
2023-07-01,2023,7,JUL,Producao,6749,True
2023-08-01,2023,8,AGO,Producao,9623,True
2023-09-01,2023,9,SET,Producao,8220,True
2023-10-01,2023,10,OUT,Producao,10478,True
2023-11-01,2023,11,NOV,Producao,10030,True
2023-12-01,2023,12,DEZ,Producao,8262,True
2024-01-01,2024,1,JAN,Producao,7941,True
2024-02-01,2024,2,FEV,Producao,10162,True
2024-03-01,2024,3,MAR,Producao,11224,True
2024-04-01,2024,4,ABR,Producao,11656,True
2024-05-01,2024,5,MAI,Producao,11172,True
2024-06-01,2024,6,JUN,Producao,12236,True
2024-07-01,2024,7,JUL,Producao,11909,True
2024-08-01,2024,8,AGO,Producao,13101,True
2024-09-01,2024,9,SET,Producao,13210,True
2024-10-01,2024,10,OUT,Producao,14792,True
2024-11-01,2024,11,NOV,Producao,13170,True
2024-12-01,2024,12,DEZ,Producao,10679,True
2025-01-01,2025,1,JAN,Producao,8041,True
2025-02-01,2025,2,FEV,Producao,11970,True
2025-03-01,2025,3,MAR,Producao,11720,True
2025-04-01,2025,4,ABR,Producao,11020,True
2025-05-01,2025,5,MAI,Producao,12327,True
2025-06-01,2025,6,JUN,Producao,11293,True
2025-07-01,2025,7,JUL,Producao,12058,True
2025-08-01,2025,8,AGO,Producao,10096,True
2025-09-01,2025,9,SET,Producao,10107,True
2025-10-01,2025,10,OUT,Producao,10160,True
2025-11-01,2025,11,NOV,Producao,9601,True
2025-12-01,2025,12,DEZ,Producao,5723,True
2026-01-01,2026,1,JAN,Producao,6813,False
2026-02-01,2026,2,FEV,Producao,7797,False
2026-03-01,2026,3,MAR,Producao,11133,False
2026-04-01,2026,4,ABR,Producao,9673,False
2026-05-01,2026,5,MAI,Producao,10488,False
2026-06-01,2026,6,JUN,Producao,10894,False
2026-07-01,2026,7,JUL,Producao,12109,False
2026-08-01,2026,8,AGO,Producao,11773,False
